id,AA,b,bs,el,f,g,j,k,l,tf,room,living,toilet,p
0,1,4,0.659,1,4,26.0,1,1,0,8,2,1,1,227934
1,5,1,0.6701999999999999,1,3,25.0,4,1,0,25,1,2,1,413223
2,5,1,0.6564,1,5,32.0,3,1,1,19,4,2,2,325643
4,1,1,0.5998,1,15,28.0,2,1,0,36,1,1,1,291802
5,1,1,0.6595,1,13,28.0,1,1,0,14,3,2,2,501233
6,1,1,0.43329999999999996,1,11,12.0,1,1,1,13,3,2,2,437769
7,2,2,0.9118999999999999,0,3,43.0,2,1,0,5,7,1,6,316245
9,1,4,0.7376,1,4,29.0,1,1,0,8,3,2,2,455527
10,1,2,0.8714,0,3,45.0,1,1,0,4,3,2,1,200982
12,5,2,0.7573000000000001,0,4,30.0,2,1,0,5,3,2,2,130688
13,1,1,0.4067,1,15,6.0,1,1,1,15,1,1,1,309408
14,1,1,0.7403,1,9,27.0,1,1,0,12,3,1,1,492165
16,1,1,0.7676999999999999,1,3,31.0,1,1,0,12,3,2,2,449084
17,1,2,0.9373,0,4,43.0,1,1,0,5,3,2,1,392612
18,1,1,0.3701,1,6,9.0,1,1,1,15,1,1,1,514215
21,1,4,0.6093,1,4,26.0,1,1,0,8,2,1,1,602575
22,1,1,0.5935,1,5,1.0,2,1,0,11,2,2,1,492942
23,1,1,0.42060000000000003,1,11,9.0,1,1,1,15,1,1,1,612988
24,5,1,0.39890000000000003,1,11,28.0,1,1,1,12,1,1,1,234301
25,1,4,0.8676999999999999,1,5,32.0,6,1,0,7,3,1,2,531683
27,1,1,0.6443000000000001,1,21,28.0,2,1,0,36,3,2,2,375699
28,2,2,0.9415,0,1,33.0,1,1,0,5,4,2,1,310304
29,1,1,0.662,1,19,28.0,2,1,0,36,3,2,2,361547
30,1,1,0.31679999999999997,1,12,28.0,1,1,1,14,1,1,1,543074
31,1,1,0.6967,1,6,28.0,2,1,0,16,2,2,1,525220
32,1,1,0.6071,1,14,15.0,2,1,0,15,3,2,2,380364
33,1,1,0.7784,1,11,30.0,2,1,0,16,1,1,1,458205
34,1,1,0.7338,1,2,27.0,1,1,0,12,2,2,1,555636
35,1,1,0.6394,1,6,26.0,2,1,0,17,4,2,2,383650
36,5,2,0.925,0,4,43.0,1,1,0,4,4,2,2,202119
37,1,2,0.8618000000000001,0,3,44.0,1,1,0,5,2,2,2,365729
38,1,1,0.5724,1,5,12.0,3,1,0,11,2,2,1,599921
39,1,4,0.3993,1,5,14.0,1,1,1,9,2,1,1,484003
40,1,4,0.6953,1,4,29.0,1,1,0,7,2,2,1,460377
41,1,1,0.6787000000000001,1,27,26.0,1,1,0,32,3,2,1,275689
42,1,1,0.6007,1,30,28.0,2,1,0,36,2,2,1,363580
44,1,4,0.6962999999999999,1,3,26.0,1,1,0,8,3,2,2,340228
45,2,1,0.6820999999999999,1,14,26.0,2,1,0,17,4,2,2,465967
46,1,2,0.8532,0,3,35.0,1,1,0,5,3,2,2,360555
47,1,1,0.6720999999999999,1,3,29.0,1,1,0,16,2,1,1,542456
49,1,1,0.7062,1,23,29.0,1,1,0,25,2,2,1,531765
50,2,1,0.6877,1,13,26.0,2,1,0,16,1,1,1,556162
52,1,1,0.436,1,3,9.0,1,1,1,15,3,2,1,547752
53,1,4,0.6420999999999999,1,1,31.0,1,1,1,6,4,2,2,390843
55,1,1,0.6740999999999999,1,3,13.0,1,1,0,29,1,1,1,669187
56,1,1,0.762,1,9,30.0,1,1,2,19,3,2,2,605488
57,1,4,0.6187,1,7,29.0,1,1,1,7,3,2,2,338641
58,1,1,0.6666,1,12,28.0,2,1,0,16,2,1,1,574056
59,1,1,0.5613,1,7,19.0,1,1,1,12,3,2,2,497236
61,5,4,0.4512,1,1,7.0,2,1,1,5,1,1,1,311501
63,1,4,0.5188,1,4,23.0,1,1,0,7,3,2,2,373825
64,1,1,0.7245999999999999,1,16,30.0,1,1,1,19,2,2,1,312185
65,5,2,0.9567,0,4,38.0,1,1,0,4,3,2,2,365458
66,5,1,0.6056,1,5,28.0,1,1,1,16,3,1,2,181679
67,1,4,0.6453,1,7,31.0,1,1,0,7,2,2,1,566205
68,1,1,0.4886,1,4,8.0,1,1,1,11,4,2,2,374684
69,1,1,0.6827,1,25,26.0,1,1,0,32,2,2,2,289732
70,1,1,0.6456999999999999,1,5,29.0,1,1,0,25,1,1,1,573134
71,1,4,0.6369,1,3,17.0,1,1,0,9,3,2,2,505187
72,1,2,0.8917,0,3,41.0,4,1,0,5,3,2,2,345002
74,1,4,0.3889,1,7,4.0,1,1,1,10,2,1,1,477792
75,1,1,0.5498,1,12,15.0,1,1,0,14,2,2,1,626618
77,2,1,0.6479,1,20,26.0,2,1,0,22,2,2,1,600740
78,1,1,0.6976,1,19,29.0,2,1,0,24,1,1,1,596893
81,1,1,0.6038,1,8,1.0,1,1,0,21,2,1,1,745078
82,5,2,0.856,0,4,43.0,5,1,0,4,4,2,2,207408
83,5,1,0.706,1,22,25.0,4,1,1,25,3,2,2,334992
84,1,4,0.46590000000000004,1,2,20.0,1,1,1,8,2,2,1,434301
85,1,1,0.5796,1,16,6.0,1,1,0,22,3,2,2,369845
89,5,1,0.8323999999999999,1,7,27.0,3,1,1,16,3,2,2,460175
91,1,1,0.6565000000000001,1,15,28.0,2,1,0,16,1,1,1,521253
92,2,4,0.48619999999999997,1,7,6.0,1,1,1,10,2,1,2,353805
93,1,1,0.5864,1,10,1.0,1,1,0,21,1,1,1,740853
94,1,1,0.8096,1,13,29.0,1,1,0,13,3,2,1,501997
96,1,2,1.0,0,1,56.0,1,1,0,3,3,3,1,322899
97,1,1,0.4131,1,7,8.0,1,1,1,15,1,1,1,596516
98,1,1,0.5427000000000001,1,4,17.0,1,1,0,14,2,2,1,620952
100,1,4,0.7384000000000001,1,3,29.0,1,1,0,8,3,2,2,317144
101,5,1,0.6453,1,17,25.0,8,1,0,25,1,1,1,357511
102,1,4,0.6191,1,4,30.0,1,1,0,6,3,2,2,372783
103,1,1,0.5559000000000001,1,12,26.0,1,1,1,32,4,2,3,208334
104,1,2,0.8404,0,1,45.0,1,1,0,4,3,2,2,417547
105,1,1,0.6038,1,10,1.0,1,1,0,21,2,1,1,748826
107,1,2,0.8448,0,4,44.0,1,1,0,5,3,2,1,304311
108,2,1,0.6269,1,2,17.0,3,1,0,19,1,1,1,542972
109,1,1,0.7056999999999999,1,8,30.0,1,1,0,12,3,2,3,254731
110,1,1,0.444,1,6,8.0,1,1,1,15,1,1,1,552701
111,1,1,0.3857,1,14,8.0,1,1,1,15,2,1,1,632688
112,1,1,0.4346,1,7,9.0,1,1,1,15,3,2,1,563521
113,2,1,0.7325,1,11,30.0,1,1,0,12,2,1,1,499947
114,1,2,0.7620999999999999,0,4,35.0,5,1,1,5,3,2,2,281312
115,5,2,0.8848,0,1,45.0,1,1,0,4,2,2,1,400701
116,1,4,0.6698000000000001,1,4,28.0,1,1,0,7,2,2,1,393782
118,1,1,0.6664,1,9,28.0,1,1,0,14,2,2,1,542552
119,2,2,0.9479000000000001,0,3,38.0,1,1,0,5,3,2,2,393180
121,5,1,0.7559,1,3,42.0,2,1,0,14,1,1,1,210344
123,1,1,0.4445,1,10,12.0,3,1,1,11,2,2,1,474638
125,1,1,0.6289,1,5,8.0,1,1,0,11,1,1,1,461226
126,1,1,0.6247,1,4,29.0,1,1,0,25,1,1,1,581676
127,1,4,0.6297999999999999,1,4,28.0,1,1,1,8,2,2,1,585131
128,1,1,0.6840999999999999,1,4,26.0,1,1,0,33,2,2,2,271679
129,1,2,0.8698,0,3,44.0,2,1,0,4,3,2,2,268155
130,5,1,0.6723,1,8,25.0,4,1,1,12,4,2,2,320988
131,1,1,0.7208,1,15,29.0,1,1,0,25,2,1,1,524810
132,1,1,0.6577,1,11,28.0,2,1,0,16,1,1,1,530433
134,5,2,0.6553,0,4,29.0,1,1,0,5,3,2,2,168367
135,2,1,0.643,1,22,26.0,2,1,0,23,2,2,1,618787
136,1,1,0.6023,1,5,7.0,2,1,0,11,2,2,1,632879
137,1,1,0.4558,1,18,1.0,1,1,1,21,2,2,1,794192
138,1,4,0.6327,1,1,33.0,2,1,0,6,3,2,2,263987
139,5,4,0.8782,1,6,42.0,1,1,0,7,1,1,1,367974
140,2,1,0.5789,1,9,7.0,1,1,0,19,2,1,1,624638
141,1,1,0.8736,1,8,28.0,2,1,1,23,2,2,2,295835
142,2,2,0.8597,0,4,39.0,3,1,0,5,3,2,2,166909
143,5,2,1.0,0,1,51.0,2,1,0,4,3,2,1,426982
144,1,2,0.8756,0,1,42.0,1,1,0,5,2,2,1,612982
145,1,1,0.6547,1,5,30.0,1,1,0,16,2,2,1,421203
146,1,1,0.7898999999999999,1,9,30.0,1,1,0,15,1,1,1,457451
147,1,1,0.7448,1,2,30.0,1,1,0,12,3,2,2,287944
148,1,2,0.9209,0,2,44.0,1,1,0,4,3,2,1,379035
149,1,1,0.5912,1,6,1.0,2,1,0,11,2,1,1,460512
150,5,4,0.4242,1,5,2.0,4,1,1,6,2,2,1,475012
151,5,2,0.9023,0,4,43.0,2,1,0,4,3,2,2,272919
152,5,1,0.5992999999999999,1,23,25.0,8,1,1,25,3,2,2,287617
153,1,1,0.47119999999999995,1,13,15.0,1,1,1,14,3,2,2,578506
154,2,4,0.5456,1,3,30.0,2,1,1,6,2,2,2,322787
155,1,4,0.5261,1,7,16.0,1,1,1,10,3,2,2,317461
156,1,1,0.4707,1,3,8.0,1,1,1,11,3,2,2,336221
157,1,2,0.8656999999999999,0,4,43.0,1,1,0,5,5,2,1,185957
158,1,1,0.42210000000000003,1,5,12.0,3,1,1,11,2,1,1,582169
159,2,2,0.9157,0,4,38.0,1,1,0,5,3,1,1,254142
160,1,1,0.5865,1,9,1.0,1,1,0,21,1,1,1,748896
161,1,1,0.8405,1,14,30.0,1,1,0,24,4,2,2,496007
163,1,1,0.6983,1,7,27.0,1,1,0,12,2,2,2,545283
164,1,4,0.5444,1,5,1.0,1,1,0,7,2,2,1,600830
165,1,1,0.4343,1,16,6.0,1,1,1,22,2,2,1,261395
166,1,1,0.7669,1,4,30.0,1,1,0,24,1,1,1,583339
167,1,4,0.6324000000000001,1,3,27.0,1,1,0,9,1,1,1,500089
168,1,4,0.5912,1,4,31.0,1,1,1,7,3,2,2,388598
169,1,1,0.48700000000000004,1,9,15.0,2,1,1,15,3,2,2,441127
170,1,1,0.4473,1,17,1.0,1,1,1,21,2,1,1,784450
171,1,1,0.5864,1,9,1.0,1,1,0,21,1,1,1,748939
172,1,4,0.7801,1,4,29.0,2,1,0,6,2,2,1,178714
173,5,2,0.635,0,4,25.0,1,1,0,5,3,2,2,252450
175,1,1,0.4558,1,18,1.0,1,1,1,21,2,2,1,794192
176,1,1,0.5865,1,18,1.0,1,1,0,21,1,1,1,793484
177,1,1,0.5864,1,8,1.0,1,1,0,21,1,1,1,747035
178,1,1,0.5864,1,18,1.0,1,1,0,21,1,1,1,797441
179,1,1,0.5299,1,8,13.0,1,1,2,29,4,2,2,509296
180,5,4,0.6367,1,3,29.0,1,1,0,8,2,1,1,391990
181,1,1,0.7421,1,10,27.0,1,1,0,12,1,2,1,605848
182,1,1,0.4425,1,10,8.0,1,1,1,15,2,1,1,568083
183,1,2,0.8036,0,5,35.0,5,1,1,5,4,2,2,261382
184,1,1,0.5426,1,24,10.0,2,1,1,29,4,2,2,662291
185,5,4,0.5602,1,2,7.0,16,1,0,10,4,2,2,594122
187,1,1,0.623,1,10,28.0,2,1,0,16,2,1,1,547802
188,1,1,0.7672,1,7,31.0,1,1,0,12,3,2,2,434545
189,1,1,0.46740000000000004,1,11,7.0,1,1,1,15,2,2,1,475041
191,1,2,0.9061,0,3,45.0,1,1,0,4,5,2,1,310403
192,5,4,0.7076,1,2,29.0,1,1,1,10,4,2,2,205276
193,1,2,1.0,0,2,50.0,1,1,0,4,3,2,1,398757
194,1,1,0.6367,1,3,28.0,1,1,0,14,1,1,1,562843
195,1,1,0.4558,1,10,1.0,1,1,1,21,2,2,1,710291
196,5,1,0.6537000000000001,1,17,25.0,4,1,1,28,3,2,2,362413
197,1,4,0.5109,1,9,24.0,1,1,1,9,3,2,2,220747
198,1,4,0.5112,1,9,24.0,1,1,1,9,3,2,2,441494
199,1,4,0.7219,1,2,31.0,1,1,0,8,3,2,2,75699
200,1,1,0.4559,1,5,1.0,2,1,1,11,3,2,2,341838
201,1,1,0.5868,1,12,28.0,1,1,0,13,2,2,1,440238
202,1,1,0.6536,1,10,28.0,1,1,0,11,3,2,2,546155
203,2,1,0.516,1,11,28.0,1,1,1,23,3,2,2,483815
204,5,1,0.6357,1,19,25.0,4,1,1,25,3,2,2,371299
205,5,1,0.6507999999999999,1,5,25.0,4,1,0,25,3,2,2,367180
206,1,1,0.4919,1,4,1.0,1,1,1,21,3,2,2,513752
207,1,1,0.4558,1,15,1.0,1,1,1,21,2,2,1,493755
208,1,1,0.4919,1,12,1.0,1,1,1,21,3,2,2,282109
209,1,1,0.4558,1,12,1.0,1,1,1,21,2,2,1,291385
210,1,1,0.6262,1,13,26.0,1,1,1,18,3,2,2,294278
211,5,1,0.6453,1,22,25.0,8,1,0,25,1,1,1,381345
212,2,1,0.8251999999999999,1,21,28.0,1,1,0,26,2,2,1,619425
213,1,4,0.6472,1,5,26.0,1,1,0,8,2,1,1,349481
215,5,1,0.5055,1,10,28.0,1,1,1,12,2,2,1,244939
216,1,1,0.6505,1,17,28.0,1,1,1,28,2,1,1,356255
217,1,1,0.4384,1,3,1.0,2,1,1,11,3,2,2,386264
218,1,1,0.4384,1,6,1.0,2,1,1,11,3,2,2,386264
219,1,4,0.6862999999999999,1,6,32.0,1,1,0,7,1,1,1,441124
220,1,1,0.5863,1,26,26.0,1,1,1,33,3,2,2,214129
221,1,1,0.5274,1,6,16.0,1,1,1,15,4,2,2,387511
222,5,1,0.611,1,20,25.0,8,1,0,25,2,1,1,379851
223,5,1,0.6420999999999999,1,16,25.0,4,1,1,25,3,2,2,360278
224,1,2,0.9742000000000001,0,2,43.0,1,1,0,5,3,2,1,379240
225,1,4,0.7578,1,2,31.0,1,1,0,6,3,2,2,410238
226,1,1,0.5124,1,11,28.0,1,1,1,14,3,2,2,413336
227,1,1,0.6147,1,4,11.0,1,1,0,15,2,2,1,482195
228,1,1,0.6895,1,4,29.0,1,1,0,13,2,2,1,520274
229,5,1,0.6357,1,8,25.0,4,1,1,25,3,2,2,351967
230,1,1,0.4558,1,16,1.0,1,1,1,21,2,1,1,102169
231,1,1,0.4919,1,16,1.0,1,1,1,21,3,2,2,106132
232,1,1,0.4919,1,16,1.0,1,1,1,21,3,2,2,106132
233,1,1,0.4523,1,2,12.0,1,1,2,24,3,2,2,350112
234,1,1,0.5268,1,26,10.0,2,1,1,29,3,2,2,560102
235,2,4,0.73,1,6,25.0,2,1,0,8,2,1,1,299993
236,1,1,0.6865000000000001,1,3,33.0,1,1,1,11,3,2,2,292469
237,5,2,0.6756,0,4,45.0,1,1,0,4,6,3,2,299779
238,1,2,0.9170999999999999,0,3,45.0,1,1,0,4,3,2,1,404377
239,5,2,0.5493,0,1,28.0,1,1,1,4,2,1,1,310701
240,1,4,0.5418999999999999,1,8,26.0,1,1,2,9,4,2,2,317831
241,1,1,0.6129,1,4,18.0,1,1,0,14,2,2,1,571210
242,5,4,0.5243,1,1,18.0,1,1,1,6,3,2,2,334631
244,5,1,0.6317,1,8,42.0,2,1,1,14,4,2,2,323759
245,1,1,0.579,1,10,1.0,2,1,0,20,2,2,1,701015
246,1,1,0.6304,1,3,28.0,2,1,0,36,1,1,1,359967
247,1,4,0.5345,1,2,3.0,1,1,0,9,2,1,1,566949
248,1,2,0.9567,0,3,44.0,2,1,0,5,3,2,1,294241
249,1,1,0.7467,1,6,30.0,2,1,0,17,2,2,1,333025
250,1,1,0.6217,1,14,28.0,2,1,0,36,2,1,1,422271
251,5,2,0.8955,0,3,40.0,2,1,0,5,3,2,1,413223
252,1,4,0.5423,1,6,26.0,1,1,0,7,3,2,2,411074
253,1,4,0.6107,1,2,32.0,1,1,0,6,3,2,2,326476
254,1,1,0.7691,1,19,30.0,1,1,0,24,1,1,1,623402
255,5,1,0.6459,1,3,25.0,4,1,1,25,2,2,1,332714
256,1,1,0.8219,1,5,29.0,2,1,0,14,4,2,2,212099
257,1,2,0.8874,0,3,43.0,4,1,0,5,3,2,1,334483
258,2,2,0.9285,0,3,44.0,9,1,0,4,4,2,2,275243
259,1,1,0.5193,1,5,29.0,1,1,1,13,2,1,1,434417
262,1,4,0.7353000000000001,1,6,30.0,1,1,0,7,3,2,2,453864
263,1,1,0.4703,1,5,7.0,1,1,1,21,3,2,2,317349
264,1,2,0.8795999999999999,0,4,44.0,1,1,0,4,4,3,2,384916
265,5,4,0.5451,1,4,27.0,1,1,1,7,2,2,1,472440
266,1,1,0.5084000000000001,1,12,15.0,1,1,2,15,3,2,2,369835
267,1,1,0.4899,1,5,13.0,1,1,1,29,3,2,2,590645
268,1,1,0.7656000000000001,1,4,29.0,1,1,1,17,4,2,2,369868
269,1,2,0.8891,0,2,43.0,1,1,0,5,3,2,1,296331
270,1,1,0.5106,1,2,7.0,1,1,1,21,3,2,2,600172
271,2,1,0.6461,1,28,25.0,1,1,0,28,3,2,2,665812
272,1,1,0.483,1,6,12.0,3,1,1,11,3,2,2,593603
273,5,1,0.5992999999999999,1,19,25.0,8,1,1,25,3,2,2,300638
274,1,1,0.43520000000000003,1,14,6.0,1,1,1,22,2,2,1,661098
276,1,4,0.5488000000000001,1,5,30.0,1,1,1,6,3,1,2,301048
277,1,4,0.5029,1,2,6.0,2,1,1,10,2,1,1,471891
278,1,4,0.5931000000000001,1,4,29.0,2,1,1,6,2,2,1,141858
279,1,1,0.486,1,16,29.0,1,1,1,16,2,2,1,483468
281,1,1,0.5377000000000001,1,6,30.0,2,1,1,12,3,2,2,396936
282,1,1,0.4839,1,15,8.0,1,1,1,15,2,1,1,510509
283,5,4,0.4474,1,4,23.0,1,1,1,10,3,2,2,470463
284,5,4,0.4656,1,2,23.0,1,1,1,10,3,2,2,426063
285,1,1,0.7735,1,6,30.0,1,1,0,12,3,2,2,248238
286,1,1,0.3701,1,2,8.0,1,1,1,15,2,1,1,608083
287,1,4,0.5958,1,7,26.0,1,1,1,7,3,2,2,367742
288,5,1,0.5635,1,2,28.0,1,1,1,12,4,2,2,420390
289,5,4,0.7675,1,8,29.0,1,1,0,10,2,2,1,448271
290,1,1,0.4157,1,11,1.0,2,1,1,11,2,2,1,391296
291,1,4,0.5493,1,2,20.0,1,1,1,7,3,2,2,434674
292,1,4,0.6485,1,4,26.0,1,1,0,6,2,2,1,582876
293,1,1,0.7848999999999999,1,7,29.0,1,1,1,19,4,2,2,315709
294,5,4,0.8782,1,6,42.0,1,1,0,7,1,1,1,358026
297,1,2,0.9204000000000001,0,5,41.0,2,1,0,5,3,2,1,291455
298,1,4,0.6362,1,8,15.0,1,1,0,9,2,1,1,638417
299,1,1,0.5466,1,4,15.0,1,1,1,15,4,2,2,508519
300,1,1,0.3892,1,8,7.0,1,1,1,15,2,1,1,624737
301,1,2,0.8061,0,4,35.0,2,1,0,5,3,2,2,235600
302,1,4,0.4852,1,7,6.0,2,1,1,10,3,2,2,493779
303,1,4,0.7963,1,6,25.0,1,1,0,7,4,2,2,519078
304,1,2,0.9143000000000001,0,4,37.0,2,1,0,5,3,2,1,396909
305,5,4,0.5104,1,5,29.0,1,1,1,7,3,1,2,489428
306,1,4,0.5041,1,6,20.0,1,1,1,7,3,2,2,458820
307,2,2,0.8597,0,4,39.0,3,1,0,5,3,2,2,310033
308,1,2,0.8291,0,4,45.0,1,1,0,5,3,2,1,306093
309,1,1,0.669,1,9,30.0,1,1,1,13,2,1,1,256850
310,1,1,0.5423,1,14,15.0,1,1,1,15,4,2,2,657821
311,1,1,0.4919,1,7,1.0,1,1,1,21,3,2,2,724641
312,1,1,0.5508,1,1,7.0,1,1,1,13,3,2,2,565379
313,1,4,0.3586,1,7,28.0,1,1,0,7,2,2,1,336486
314,1,1,0.5797,1,3,7.0,1,1,0,15,2,2,1,469967
315,1,1,0.6559,1,4,30.0,1,1,0,14,3,2,1,476668
316,5,2,0.8684000000000001,0,2,44.0,2,1,0,2,3,2,2,60850
317,5,2,0.5535,0,1,25.0,1,1,0,5,2,1,1,193521
318,1,1,0.4919,1,15,1.0,1,1,1,21,3,2,2,758347
319,1,1,0.48,1,10,17.0,4,1,1,12,3,2,2,270493
320,1,1,0.4919,1,17,1.0,1,1,1,21,3,2,2,766142
321,1,1,0.7078,1,6,26.0,1,1,0,32,2,2,1,289256
322,1,1,0.506,1,9,30.0,1,1,1,12,2,2,1,229537
323,1,1,0.8212999999999999,1,12,28.0,2,1,0,23,2,2,1,427021
324,2,1,0.7570999999999999,1,10,33.0,1,1,0,12,2,1,1,526939
325,1,1,0.47229999999999994,1,11,29.0,1,1,1,25,2,2,1,352727
326,5,1,0.7331,1,3,42.0,2,1,0,14,2,2,1,343068
327,1,4,0.7376,1,2,30.0,1,1,0,8,3,2,2,216106
328,1,4,0.7362000000000001,1,5,30.0,1,1,0,7,3,2,2,89190
329,4,2,1.0,0,2,56.0,1,1,0,2,4,2,2,163785
330,1,1,0.47659999999999997,1,15,8.0,1,1,1,15,2,2,2,548955
331,1,1,0.5168,1,8,24.0,1,1,1,16,3,2,2,219977
333,1,1,0.6173,1,9,29.0,1,1,0,16,3,2,1,426926
334,1,1,0.6686,1,6,30.0,1,1,0,13,4,2,2,498612
335,1,2,0.8434999999999999,0,4,43.0,2,1,0,5,4,1,1,325636
336,1,2,0.8062,0,2,37.0,1,1,0,4,4,1,4,314678
337,1,1,0.4558,1,8,1.0,1,1,1,21,2,2,1,743719
338,1,4,0.3362,1,4,15.0,1,1,1,9,1,1,1,301583
339,1,1,0.6739,1,4,13.0,1,1,0,29,1,1,1,664043
341,5,4,0.6264,1,3,33.0,2,1,1,7,3,2,2,403613
342,1,2,0.9739,0,3,31.0,1,1,0,5,1,1,1,587755
343,1,2,0.86,0,2,42.0,1,1,0,5,2,2,1,498258
344,5,4,0.7367,1,6,30.0,2,1,0,7,3,2,2,261111
345,1,2,0.9595999999999999,0,2,37.0,1,1,0,5,3,2,2,383950
346,2,1,0.6822,1,13,26.0,2,1,0,17,3,2,1,647345
347,1,1,0.4053,1,12,1.0,2,1,1,20,2,2,1,690509
348,1,2,1.0,0,3,51.0,1,1,0,3,3,1,1,228479
349,1,4,0.8389,1,4,32.0,1,1,0,7,3,2,2,381689
350,1,1,0.4656,1,3,6.0,1,1,1,14,3,2,2,645888
351,2,2,0.8715,0,4,42.0,1,1,0,4,3,2,2,371471
352,1,1,0.6947,1,29,26.0,1,1,0,32,1,1,1,318860
353,1,1,0.3872,1,4,9.0,1,1,1,15,1,1,1,599937
354,1,1,0.4025,1,2,7.0,1,1,1,15,1,1,1,647332
355,1,4,0.4293,1,4,28.0,2,1,1,10,2,2,1,394936
356,1,1,0.4636,1,8,8.0,1,1,1,11,3,2,2,338258
358,1,1,0.4053,1,19,1.0,2,1,1,20,2,2,1,712010
359,1,1,0.409,1,17,1.0,2,1,1,20,2,2,1,704777
360,1,1,0.5543,1,8,24.0,1,1,1,13,3,2,2,388536
361,1,4,0.5583,1,6,13.0,1,1,1,10,5,2,2,516440
362,1,4,0.5307999999999999,1,1,31.0,1,1,1,6,2,2,1,525699
363,1,1,0.5423,1,10,15.0,1,1,1,15,4,2,2,518846
365,1,1,0.5986,1,11,30.0,1,1,1,12,3,2,2,377448
366,1,4,0.4959,1,4,9.0,1,1,1,7,3,2,2,274992
367,1,1,0.4673,1,11,8.0,1,1,1,15,3,2,2,547603
368,5,1,0.6622,1,10,25.0,4,1,1,23,4,2,2,376655
369,1,1,0.5077,1,13,29.0,2,1,1,17,2,2,2,332893
370,5,4,0.4172,1,2,7.0,2,1,1,5,2,2,1,407124
371,1,1,0.8664000000000001,1,7,28.0,2,1,1,24,2,1,1,228304
373,5,1,0.632,1,9,25.0,4,1,1,25,3,2,2,413263
374,5,1,0.6784,1,4,25.0,4,1,1,12,3,2,2,355061
375,5,1,0.6995999999999999,1,18,25.0,4,1,1,25,3,2,2,363626
376,5,1,0.6625,1,6,28.0,1,1,1,15,3,2,2,191408
377,5,4,0.4324,1,6,7.0,16,1,1,10,4,2,2,476979
378,5,1,0.6537000000000001,1,26,25.0,4,1,1,28,3,2,2,362413
379,1,1,0.48700000000000004,1,6,14.0,2,1,1,15,3,2,2,358929
380,1,1,0.4307,1,7,7.0,1,1,1,15,2,2,1,608671
383,1,1,0.6285000000000001,1,1,30.0,1,1,1,24,4,2,3,526757
384,2,1,0.5057,1,6,26.0,2,1,1,16,2,1,1,353197
385,1,4,0.5085000000000001,1,7,26.0,1,1,1,8,3,2,2,460046
387,1,1,0.5052,1,12,28.0,3,1,1,20,3,2,2,347246
388,5,1,0.6625,1,7,28.0,1,1,1,15,3,2,2,198086
389,1,1,0.5188,1,6,14.0,1,1,1,14,3,2,2,319131
391,5,4,0.3906,1,7,1.0,1,1,1,8,2,2,1,628013
392,1,1,0.45549999999999996,1,12,9.0,1,1,1,15,2,2,1,421884
394,1,1,0.4558,1,21,1.0,1,1,1,21,2,2,1,796195
395,1,1,0.4473,1,15,1.0,1,1,1,21,2,1,1,776575
396,1,1,0.4542,1,11,8.0,1,1,1,11,2,2,1,580235
397,1,1,0.5014,1,30,26.0,1,1,1,33,2,2,1,180906
398,1,1,0.4919,1,12,1.0,1,1,1,21,3,2,2,746526
399,2,1,0.5083,1,10,28.0,1,1,1,19,2,2,2,397957
400,1,1,0.37020000000000003,1,14,8.0,1,1,1,15,2,1,1,615220
401,1,1,0.858,1,22,28.0,2,1,1,24,4,2,2,358545
402,1,1,0.4919,1,15,1.0,1,1,1,21,3,2,2,337405
403,1,1,0.4558,1,15,1.0,1,1,1,21,2,2,1,324271
404,1,1,0.45520000000000005,1,2,28.0,1,1,1,14,2,1,1,537140
405,1,1,0.44020000000000004,1,9,12.0,3,1,1,11,2,1,1,545164
406,1,1,0.6498,1,8,24.0,1,1,0,14,2,1,1,583742
408,1,4,0.6953,1,3,29.0,1,1,0,7,2,2,1,425898
409,1,2,0.8290000000000001,0,3,44.0,1,1,0,5,3,2,1,321203
411,1,4,0.8403,1,3,28.0,1,1,0,7,3,2,2,524003
412,5,1,0.6494,1,25,25.0,4,1,0,25,3,2,2,366337
413,1,1,0.6389,1,10,26.0,1,1,0,23,1,1,1,322621
414,5,1,0.6323,1,18,25.0,4,1,0,25,3,2,2,365180
415,5,1,0.7073999999999999,1,7,24.0,1,1,0,12,1,1,1,387755
417,1,4,0.6043999999999999,1,3,28.0,2,1,0,7,1,1,1,462688
418,5,2,0.8778,0,2,43.0,1,1,0,5,3,2,2,396655
419,1,1,0.5002,1,14,28.0,2,1,1,16,3,2,2,198380
420,1,2,1.0,0,3,49.0,2,1,0,4,2,2,1,431825
421,2,2,0.9028,0,4,40.0,2,1,0,5,3,2,1,212311
422,1,1,0.6731999999999999,1,29,13.0,1,1,0,29,1,1,1,640873
423,1,1,0.42619999999999997,1,2,1.0,2,1,1,11,2,1,1,408218
424,1,4,0.5902000000000001,1,2,31.0,1,1,1,7,3,2,2,332896
425,1,1,0.4335,1,14,1.0,2,1,1,20,3,2,2,677980
426,2,1,0.45640000000000003,1,6,26.0,2,1,1,17,4,2,2,491352
427,2,1,0.4781,1,26,24.0,1,1,1,28,2,2,2,474198
428,5,4,0.4736,1,1,29.0,1,1,1,7,3,2,2,154393
429,1,2,0.8883,0,5,43.0,1,1,0,5,3,2,1,281312
430,1,2,0.8753,0,3,45.0,1,1,0,3,3,2,1,244179
431,1,1,0.6561,1,13,28.0,2,1,0,16,3,2,2,469686
432,1,4,0.7614,1,4,27.0,1,1,0,7,3,2,1,292757
433,5,1,0.7559,1,13,42.0,2,1,0,14,2,2,2,324182
434,5,1,0.5239,1,3,28.0,1,1,1,15,3,2,2,136585
435,1,1,0.5946,1,10,28.0,1,1,0,12,1,1,1,649630
436,1,1,0.6840999999999999,1,22,26.0,1,1,0,33,3,2,1,181121
437,1,1,0.5865,1,6,1.0,1,1,0,21,1,1,1,733074
438,1,1,0.5865,1,15,1.0,1,1,0,21,1,1,1,775266
439,1,1,0.701,1,17,16.0,2,1,0,23,2,1,1,477276
440,1,1,0.6038,1,6,1.0,1,1,0,21,2,1,1,740952
441,1,4,0.5388000000000001,1,5,3.0,1,1,0,10,2,1,2,583660
443,1,4,0.8015000000000001,1,6,31.0,1,1,0,7,3,2,2,365402
444,1,1,0.5748,1,2,16.0,1,1,0,14,3,2,2,547392
445,1,1,0.5964,1,14,17.0,4,1,0,14,2,1,1,350988
446,1,1,0.6393,1,14,28.0,1,1,0,18,2,2,1,469461
448,1,1,0.5511,1,9,16.0,1,1,0,14,2,1,1,602774
449,1,2,0.835,0,5,43.0,1,1,0,5,3,2,1,212264
450,1,1,0.6731999999999999,1,26,13.0,1,1,0,29,1,1,1,685950
452,1,2,0.8294,0,5,45.0,1,1,0,5,3,3,2,470936
453,1,1,0.675,1,9,27.0,1,1,0,12,1,1,1,700136
454,1,4,0.696,1,5,30.0,1,1,0,6,3,2,2,324853
455,1,1,0.6104999999999999,1,3,30.0,1,1,0,14,3,2,2,417974
456,1,1,0.723,1,15,30.0,3,1,0,16,3,2,2,426020
457,1,2,0.8499,0,5,43.0,1,1,0,5,2,1,1,329349
458,1,4,0.7592,1,2,29.0,1,1,0,6,2,1,1,307709
459,1,1,0.5501,1,9,15.0,1,1,0,14,2,2,1,619263
460,1,2,0.9283,0,4,39.0,1,1,0,5,3,2,2,490979
461,1,2,0.8744,0,4,44.0,1,1,0,4,3,2,1,229078
462,2,1,0.6693000000000001,1,2,26.0,2,1,0,16,3,2,1,499593
463,2,1,0.6479,1,9,26.0,2,1,0,23,2,2,1,597233
464,1,1,0.6894,1,4,29.0,1,1,0,12,2,2,1,598202
465,5,4,0.8782,1,6,42.0,1,1,0,7,1,1,1,377917
466,1,2,0.9401,0,3,37.0,2,1,0,5,5,5,5,458777
467,1,2,0.8732,0,2,35.0,1,1,0,5,3,2,2,384797
468,1,1,0.6511,1,22,26.0,1,1,0,32,2,1,1,324906
469,2,1,0.6479,1,4,26.0,2,1,0,23,2,2,1,643174
470,1,1,0.6007,1,20,28.0,2,1,0,36,2,1,1,397140
471,1,1,0.6739,1,8,13.0,1,1,0,29,1,1,1,667894
472,1,1,0.7173999999999999,1,12,29.0,1,1,0,12,2,1,1,480182
473,2,1,0.6479,1,17,26.0,2,1,0,23,2,2,1,604172
474,1,4,0.7118000000000001,1,4,28.0,1,1,0,7,2,2,1,556460
475,1,1,0.6658,1,3,28.0,1,1,0,14,2,2,2,530698
477,1,1,0.6907,1,6,26.0,1,1,0,32,1,1,1,313064
478,5,4,0.6999,1,3,29.0,1,1,1,10,4,2,2,195732
479,1,1,0.7062,1,17,29.0,1,1,0,25,3,2,2,491557
480,5,2,1.0,0,1,52.0,2,1,0,4,3,2,1,81131
481,1,2,0.8525,0,3,39.0,6,1,0,5,4,2,2,101511
482,1,1,0.5427000000000001,1,4,16.0,1,1,0,14,2,1,1,545008
483,1,1,0.43670000000000003,1,5,1.0,2,1,1,20,3,2,2,636777
484,1,1,0.47259999999999996,1,13,5.0,2,1,1,14,3,2,2,464109
485,1,2,0.8351000000000001,0,5,44.0,3,1,0,5,3,1,1,216919
486,5,2,0.4363,0,3,29.0,1,1,1,5,2,2,1,115831
487,5,2,0.4671,0,3,29.0,1,1,1,5,3,2,2,160430
489,1,4,0.7298,1,6,32.0,2,1,0,7,1,1,1,602605
492,1,1,0.4919,1,10,1.0,1,1,1,21,3,2,2,302813
493,1,1,0.4558,1,9,1.0,1,1,1,21,2,2,1,156010
494,1,1,0.5865,1,9,1.0,1,1,0,21,1,1,1,181481
495,1,1,0.4717,1,6,8.0,1,1,1,11,3,2,2,433537
496,1,1,0.6118,1,5,28.0,2,1,0,24,3,2,2,484671
497,1,2,0.8649,0,3,43.0,1,1,0,5,3,2,2,449547
498,1,1,0.8737,1,3,28.0,2,1,1,23,3,2,2,320238
499,1,4,0.6557999999999999,1,6,19.0,2,1,0,8,3,1,2,511362
500,1,1,0.5275,1,7,15.0,1,1,1,18,3,2,2,538096
501,1,1,0.5593,1,4,13.0,1,1,1,29,4,2,2,491974
502,5,4,0.42560000000000003,1,3,7.0,2,1,1,5,2,2,1,417398
507,1,1,0.6816,1,4,26.0,1,1,0,14,3,2,2,401775
508,1,1,0.4703,1,17,26.0,1,1,1,32,2,2,2,239081
509,1,1,0.8051,1,1,29.0,1,1,0,14,2,1,1,200608
510,1,1,0.5864,1,15,1.0,1,1,0,21,1,1,1,775567
511,1,1,0.4558,1,10,1.0,1,1,1,21,2,2,1,737702
512,1,1,0.7369,1,3,28.0,1,1,0,18,2,1,1,486248
514,1,1,0.6371,1,7,30.0,1,1,0,14,3,2,2,428102
515,1,1,0.4919,1,8,1.0,1,1,1,21,3,2,2,337405
517,2,1,0.45990000000000003,1,16,24.0,1,1,1,28,2,2,1,468942
518,1,1,0.5643,1,15,30.0,1,1,1,24,3,2,2,409792
519,1,1,0.4217,1,6,7.0,1,1,1,15,2,2,1,476086
520,1,1,0.6413,1,14,26.0,1,1,1,18,3,2,2,189193
521,1,2,0.8508,0,3,44.0,1,1,0,5,2,2,1,452721
522,1,1,0.4919,1,8,1.0,1,1,1,21,3,2,2,337405
523,5,4,0.4379,1,3,7.0,2,1,1,5,2,1,1,408307
524,1,1,0.4052,1,5,1.0,2,1,1,20,2,2,1,659038
527,1,1,0.6324000000000001,1,4,26.0,1,1,0,33,1,1,1,362793
528,1,1,0.5864,1,17,1.0,1,1,0,21,1,1,1,783174
529,1,1,0.5428000000000001,1,7,12.0,2,1,0,11,2,2,1,517147
530,5,1,0.8319,1,15,27.0,1,1,1,16,2,2,1,497534
531,1,2,0.9411,0,3,37.0,2,1,1,5,3,2,2,318251
532,1,1,0.4558,1,8,1.0,1,1,1,21,2,2,1,724664
533,1,1,0.4558,1,21,1.0,1,1,1,21,2,2,1,796195
534,1,1,0.5864,1,4,1.0,1,1,0,21,1,1,1,727540
535,1,1,0.5864,1,6,1.0,1,1,0,21,1,1,1,733246
536,1,1,0.5024000000000001,1,5,1.0,1,1,1,21,3,2,2,720618
537,1,1,0.4919,1,4,1.0,1,1,1,21,3,2,2,716843
538,1,1,0.5865,1,5,1.0,1,1,0,21,1,1,1,731157
539,1,1,0.5865,1,17,1.0,1,1,0,21,1,1,1,782936
540,1,1,0.4919,1,6,1.0,1,1,1,21,3,2,2,722628
541,1,1,0.6038,1,6,1.0,1,1,0,21,2,1,1,740952
542,1,1,0.6729,1,8,29.0,1,1,0,16,1,1,1,548390
543,1,1,0.3912,1,25,29.0,1,1,1,25,4,2,2,368374
544,1,4,0.5239,1,9,25.0,1,1,1,10,3,2,2,604136
545,1,1,0.5797,1,6,7.0,1,1,0,15,2,2,1,476780
546,5,1,0.7559,1,6,42.0,2,1,0,14,2,2,2,328502
547,5,1,0.6328,1,11,25.0,8,1,1,12,3,2,2,343742
548,1,1,0.6292,1,16,28.0,2,1,0,36,2,2,2,347693
549,1,1,0.4703,1,14,7.0,1,1,1,21,3,2,2,671534
550,1,1,0.7181000000000001,1,19,29.0,1,1,1,24,3,2,2,439253
551,1,4,0.6587999999999999,1,1,26.0,1,1,1,6,3,2,2,414017
552,1,1,0.4558,1,17,1.0,1,1,1,21,2,2,1,778817
553,1,4,0.6453,1,4,32.0,1,1,0,6,3,2,2,232040
554,5,2,0.6419,0,5,25.0,1,1,0,5,3,2,2,239894
555,1,1,0.3701,1,2,8.0,1,1,1,15,2,1,1,603395
556,1,1,0.46049999999999996,1,15,1.0,1,1,1,21,2,1,1,776575
557,1,4,0.5563,1,2,13.0,1,2,1,10,3,2,2,453131
558,1,1,0.579,1,16,1.0,2,1,0,20,2,2,1,703217
559,1,1,0.6881,1,28,26.0,1,1,0,32,2,2,2,284195
562,1,1,0.5865,1,10,1.0,1,1,0,21,1,1,1,740744
563,1,1,0.5865,1,12,1.0,1,1,0,21,1,1,1,763759
564,1,1,0.4558,1,10,1.0,1,1,1,21,2,2,1,737702
565,1,1,0.4919,1,10,1.0,1,1,1,21,3,2,2,729421
566,1,1,0.4843,1,8,15.0,1,1,1,11,3,2,2,525785
567,1,1,0.5533,1,5,18.0,1,1,0,12,3,2,2,491841
568,2,1,0.524,1,20,26.0,2,1,1,23,3,2,2,382747
569,5,1,0.5831000000000001,1,9,28.0,1,1,1,12,3,2,2,372433
570,5,2,0.7797,0,2,23.0,1,1,0,3,3,2,2,470271
571,5,2,0.9023,0,3,43.0,7,1,0,4,3,2,2,252192
572,1,1,0.6088,1,4,8.0,1,1,0,11,4,2,2,458489
573,1,4,0.7093,1,7,26.0,1,1,0,8,2,2,1,419392
574,1,1,0.4558,1,6,1.0,1,1,1,21,2,2,1,729679
575,1,1,0.4558,1,17,1.0,1,1,1,21,2,2,1,778817
576,1,1,0.5815,1,13,30.0,1,1,0,13,2,1,1,557339
578,1,1,0.5153,1,14,26.0,2,1,1,17,4,2,2,352119
579,1,1,0.4681,1,4,1.0,1,1,1,21,2,2,1,723590
580,1,1,0.4473,1,17,1.0,1,1,1,21,2,1,1,784450
581,1,1,0.4919,1,12,1.0,1,1,1,21,3,2,2,746526
582,1,1,0.5864,1,12,1.0,1,1,0,21,1,1,1,763679
583,1,1,0.4919,1,10,1.0,1,1,1,21,3,2,2,729421
584,1,1,0.3701,1,12,8.0,1,1,1,15,2,1,1,585821
585,5,1,0.6709,1,24,25.0,4,1,0,28,3,2,2,367101
586,5,2,0.8874,0,1,43.0,1,1,0,4,3,2,2,302817
587,1,2,0.9029,0,4,40.0,2,1,0,5,3,1,1,261269
588,5,4,0.4375,1,8,7.0,16,1,1,10,4,2,2,507597
589,1,1,0.4924,1,14,14.0,2,1,1,15,2,2,2,372549
591,1,2,0.8966,0,2,46.0,1,1,0,4,3,2,1,266350
606,1,2,0.948,0,3,43.0,1,1,0,5,3,2,1,383127
607,1,1,0.6284000000000001,1,13,26.0,1,1,0,32,2,2,1,320159
609,1,1,0.41409999999999997,1,29,26.0,1,1,1,32,2,2,1,226079
610,1,1,0.4336,1,9,7.0,1,1,2,21,3,2,2,646945
611,1,4,0.48100000000000004,1,7,14.0,1,1,0,9,2,2,1,422916
612,1,1,0.5153,1,14,25.0,2,1,1,17,4,2,2,353835
613,1,1,0.7129000000000001,1,6,29.0,2,1,0,17,2,2,1,510516
614,1,1,0.6675,1,9,29.0,1,1,0,11,4,3,2,549821
617,1,1,0.8817,1,5,28.0,2,1,2,24,3,2,2,355342
618,5,2,0.7744,0,4,29.0,1,1,1,5,3,2,2,165679
619,1,2,0.8649,0,4,42.0,2,1,0,5,3,1,1,280185
620,1,1,0.5865,1,8,1.0,1,1,0,21,1,1,1,727322
621,1,1,0.4558,1,6,1.0,1,1,1,21,2,2,1,720655
622,1,1,0.6623,1,4,26.0,1,1,0,14,3,2,2,374598
623,1,1,0.7129000000000001,1,13,29.0,2,1,0,17,2,2,1,510516
625,1,1,0.8001999999999999,1,10,29.0,1,1,0,15,2,2,1,475421
626,1,1,0.4852,1,17,7.0,1,1,1,21,2,2,1,632255
627,1,1,0.4949,1,4,16.0,1,1,1,14,4,2,2,559874
628,5,1,0.6056,1,3,28.0,1,1,1,16,1,2,1,227858
629,1,2,0.9005,0,4,39.0,2,1,0,5,3,2,2,576823
630,1,1,0.4558,1,5,1.0,1,1,1,21,2,2,1,727673
631,1,1,0.6552,1,34,28.0,2,1,0,36,2,1,1,454274
632,1,1,0.6548999999999999,1,9,28.0,1,1,0,12,4,1,4,398744
633,1,1,0.4593,1,10,16.0,1,1,1,11,3,2,2,574714
634,1,2,0.8207,0,2,43.0,1,1,0,5,3,2,2,320083
635,1,1,0.49520000000000003,1,13,7.0,1,1,1,15,3,2,2,481028
636,1,1,0.579,1,4,1.0,2,1,0,20,2,2,1,675326
637,1,1,0.4208,1,8,1.0,2,1,1,11,2,2,1,304284
638,1,1,0.40490000000000004,1,16,5.0,1,1,1,22,2,2,1,525038
640,1,1,0.43670000000000003,1,10,1.0,2,1,1,20,3,2,2,650294
646,1,1,0.8345999999999999,1,3,28.0,2,1,0,22,2,2,2,403296
647,1,1,0.597,1,9,12.0,3,1,0,11,2,2,1,620340
649,5,1,0.5609000000000001,1,11,28.0,1,1,1,12,3,2,2,435402
650,1,4,0.45909999999999995,1,6,19.0,2,1,1,8,3,2,2,491517
651,5,2,0.6546,0,3,29.0,1,1,0,5,2,2,1,185372
652,1,1,0.6906,1,22,26.0,1,1,0,32,1,1,1,348645
654,5,2,0.6757,0,4,45.0,1,1,0,4,6,3,2,328340
655,1,1,0.5168,1,8,24.0,1,1,1,16,3,2,2,366631
656,5,2,0.8297,0,5,43.0,2,1,0,5,3,2,1,134334
658,1,1,0.7698,1,10,30.0,1,1,0,24,1,1,1,498301
659,5,2,0.5611999999999999,0,4,28.0,1,1,0,4,2,1,1,238932
660,1,1,0.5956,1,14,30.0,1,1,1,15,2,2,2,381868
661,2,2,0.8665999999999999,0,4,43.0,2,1,0,4,3,2,1,240565
662,1,1,0.6299,1,15,29.0,1,1,0,16,3,2,2,85134
663,1,1,0.6096,1,4,10.0,2,1,0,29,4,1,2,306420
665,1,4,0.7284999999999999,1,1,31.0,1,1,0,6,3,2,2,250476
666,2,1,0.6962999999999999,1,10,26.0,2,1,0,16,3,2,2,676688
667,1,1,0.5864,1,7,1.0,1,1,0,21,1,1,1,329359
668,1,1,0.4473,1,7,1.0,1,1,1,21,2,1,1,277253
669,1,2,0.823,0,2,43.0,1,1,0,5,2,2,1,435481
671,1,1,0.6959000000000001,1,24,26.0,1,1,0,32,1,1,1,295445
672,1,4,0.5884,1,6,3.0,1,1,0,7,1,1,1,612294
673,1,1,0.6907,1,7,26.0,1,1,0,32,1,1,1,285322
674,1,1,0.3701,1,13,8.0,1,1,1,15,2,1,1,618628
675,1,1,0.7643000000000001,1,3,29.0,1,1,1,17,4,2,2,360595
678,1,1,0.7232999999999999,1,3,24.0,1,1,0,12,3,2,2,572417
679,5,4,0.4437,1,5,7.0,16,1,1,10,4,2,2,599891
680,1,1,0.44939999999999997,1,6,16.0,1,1,1,12,3,2,2,284026
682,1,1,0.6769,1,5,32.0,1,1,0,12,3,2,2,579269
683,1,1,0.8009999999999999,1,2,26.0,2,1,0,13,3,1,1,129345
684,1,1,0.7139,1,3,31.0,1,1,0,14,2,1,1,275213
685,1,1,0.693,1,7,26.0,1,1,0,12,1,1,1,674651
686,2,1,0.5039,1,8,26.0,2,1,1,17,4,2,2,459613
687,1,2,1.0,0,3,47.0,2,1,0,4,3,1,1,202684
688,5,2,0.897,0,5,40.0,2,1,0,5,3,2,1,478013
689,1,1,0.4363,1,13,8.0,1,1,1,15,1,1,1,590218
690,5,1,0.6683,1,3,25.0,4,1,1,12,3,2,2,352347
691,1,2,0.7848,0,5,42.0,1,1,0,5,3,2,2,407921
692,5,1,0.6386,1,20,25.0,4,1,0,25,2,2,1,323603
693,1,2,0.8772,0,3,43.0,5,1,0,5,3,1,2,350281
694,5,1,0.6718000000000001,1,6,25.0,4,1,1,12,4,2,2,339990
695,1,1,0.5267000000000001,1,3,30.0,1,1,1,13,2,2,1,333124
696,1,1,0.732,1,4,26.0,1,1,0,12,1,1,1,448883
697,1,1,0.8231999999999999,1,7,29.0,1,1,0,19,3,2,1,403279
698,5,1,0.7331,1,7,42.0,2,1,0,14,2,2,1,333917
699,5,4,0.5637,1,2,28.0,1,1,1,8,3,2,2,329702
700,1,4,0.607,1,4,28.0,2,1,0,7,2,2,1,441021
701,1,1,0.7595000000000001,1,18,29.0,1,1,1,24,4,2,2,419693
704,1,1,0.47450000000000003,1,2,29.0,2,1,1,17,2,2,1,272069
705,5,4,0.3932,1,5,7.0,1,1,1,6,3,2,1,462936
706,1,1,0.43189999999999995,1,17,15.0,2,1,2,19,4,2,2,493402
707,5,4,0.5725,1,3,1.0,1,1,0,8,2,2,1,623369
708,1,1,0.4919,1,7,1.0,1,1,1,21,3,2,2,323150
709,1,1,0.6855,1,11,29.0,1,1,0,25,4,2,2,405061
710,1,4,0.4003,1,9,9.0,1,1,1,10,2,2,1,661554
711,1,1,0.4618,1,17,7.0,1,1,1,21,2,2,1,658417
712,5,4,0.36340000000000006,1,10,7.0,2,1,2,10,3,2,3,586783
713,1,4,0.7809999999999999,1,7,28.0,1,1,0,7,2,2,1,485342
714,1,1,0.41409999999999997,1,8,1.0,2,1,1,11,2,2,1,373263
715,1,1,0.48109999999999997,1,5,30.0,2,1,1,19,2,2,1,273269
716,5,2,0.8761,0,4,43.0,1,1,0,5,3,2,2,354952
717,1,2,0.9018999999999999,0,4,44.0,1,1,0,5,3,2,1,430304
718,1,2,0.7425,0,4,25.0,1,1,0,5,2,2,2,327954
719,1,1,0.3975,1,17,3.0,2,1,1,28,2,2,1,453055
720,1,1,0.7707999999999999,1,3,30.0,1,1,0,24,2,1,1,370426
721,5,2,0.9034,0,2,43.0,2,1,0,4,3,2,1,247332
722,1,1,0.5390999999999999,1,5,19.0,1,1,1,12,3,2,2,505686
723,1,1,0.5334,1,7,24.0,1,1,1,16,3,2,1,462079
724,1,1,0.4093,1,10,8.0,1,1,1,11,2,2,1,343864
725,1,2,0.8826,0,3,41.0,1,1,0,5,3,2,1,261121
726,1,1,0.7913,1,6,30.0,1,1,0,24,3,2,2,431881
728,2,1,0.5734,1,7,26.0,1,1,0,17,2,2,1,501187
729,1,1,0.5228,1,6,7.0,1,1,0,13,1,2,1,671742
730,1,1,0.5514,1,8,19.0,1,1,1,12,3,2,2,565296
731,1,1,0.6043,1,6,15.0,1,1,0,11,3,2,2,532711
733,1,4,0.6285000000000001,1,5,32.0,1,1,0,6,3,2,2,509388
735,1,1,0.43310000000000004,1,10,1.0,2,1,1,11,3,2,3,271428
736,1,1,0.7167,1,14,30.0,1,1,0,15,3,2,2,500509
737,2,1,0.8437,1,17,27.0,1,1,0,27,2,2,1,629055
738,1,1,0.6770999999999999,1,12,28.0,1,1,0,14,3,2,2,474694
739,1,1,0.4542,1,9,8.0,1,1,1,11,2,2,1,505931
741,1,1,0.6279,1,8,25.0,2,1,0,12,2,2,1,509931
742,1,4,0.6238,1,2,28.0,1,1,0,7,3,2,2,422721
743,5,2,0.5133,0,3,29.0,1,1,1,3,2,1,1,236502
744,2,1,0.6613,1,17,24.0,1,1,0,28,2,2,1,493296
746,1,1,0.6601,1,5,28.0,2,1,0,16,1,1,1,463319
747,1,2,1.0,0,1,46.0,1,1,0,4,3,1,2,501808
748,1,1,0.812,1,2,29.0,1,1,0,17,3,2,2,375831
749,1,1,0.45280000000000004,1,19,7.0,1,1,1,21,2,2,1,653144
750,1,2,0.8543000000000001,0,4,42.0,3,1,0,5,3,2,1,320387
751,1,1,0.6846,1,2,26.0,1,1,0,12,1,1,1,715055
752,1,4,0.34240000000000004,1,8,30.0,1,1,1,8,1,1,1,345183
754,1,1,0.5579,1,11,8.0,1,1,1,11,1,1,1,525481
756,5,2,0.5821000000000001,0,1,28.0,1,1,1,4,3,2,2,315759
757,1,1,0.687,1,14,28.0,2,1,0,36,4,2,2,334621
758,1,1,0.46159999999999995,1,5,10.0,1,1,2,14,4,2,2,631157
759,1,1,0.8162,1,25,28.0,1,1,0,28,3,2,2,476694
760,1,1,0.49420000000000003,1,1,30.0,1,1,1,15,3,2,2,433246
761,5,4,0.4235,1,2,2.0,4,1,1,6,2,2,2,391835
763,5,1,0.6391,1,21,25.0,4,1,1,25,2,2,2,324707
764,1,1,0.45289999999999997,1,9,18.0,1,1,1,18,4,2,2,384179
765,5,2,0.8597,0,2,44.0,1,1,0,4,3,1,2,59805
766,1,4,0.7548999999999999,1,3,30.0,1,1,0,6,2,2,1,523868
767,1,1,0.5193,1,5,29.0,1,1,1,13,2,1,1,416876
768,1,1,0.4919,1,12,1.0,1,1,1,21,3,2,2,245302
769,1,1,0.598,1,12,1.0,1,1,0,21,2,2,1,274364
770,5,4,0.436,1,6,6.0,1,1,1,6,2,2,2,460780
771,5,4,0.4376,1,3,7.0,16,1,1,10,4,2,2,477458
772,2,2,0.912,0,5,38.0,1,1,0,5,3,2,2,390588
773,5,4,0.44380000000000003,1,4,1.0,1,1,1,8,3,2,1,607071
775,5,1,0.7008,1,19,25.0,8,1,1,25,1,2,1,339517
777,1,1,0.7476,1,5,34.0,2,1,0,12,4,2,2,429861
778,1,1,0.4671,1,10,12.0,3,1,1,11,3,2,2,589881
779,5,1,0.6163000000000001,1,22,25.0,8,1,0,25,3,2,1,399425
780,1,2,0.8623000000000001,0,2,44.0,1,1,0,4,4,1,1,344228
781,1,2,0.8219,0,3,34.0,1,1,0,5,3,2,2,102506
782,2,1,0.5408,1,6,28.0,1,1,1,23,4,2,2,468992
784,5,4,0.38909999999999995,1,3,1.0,1,1,1,8,2,2,1,608807
785,5,2,0.5434,0,2,25.0,1,1,1,5,3,2,2,248020
786,1,1,0.8589,1,23,31.0,1,1,1,23,4,2,2,358426
787,2,1,0.6877,1,9,26.0,2,1,0,17,2,3,2,581441
788,1,1,0.8303,1,10,28.0,2,1,0,24,4,2,2,327494
789,1,1,0.6906,1,23,26.0,1,1,0,32,2,1,1,277332
790,1,1,0.48969999999999997,1,12,18.0,1,1,1,13,3,2,2,474565
791,1,1,0.8972,1,4,30.0,3,1,1,16,2,2,1,374615
793,5,1,0.5625,1,9,27.0,3,1,1,15,3,2,2,323484
794,1,1,0.8108,1,11,30.0,1,1,0,24,2,1,1,537048
795,5,2,0.5374,0,3,25.0,1,1,1,5,4,2,2,275088
796,1,1,0.5056,1,8,7.0,1,1,1,15,2,2,1,479008
797,1,1,0.6631,1,12,28.0,1,1,1,28,3,2,1,322291
799,2,1,0.7042,1,17,26.0,2,1,0,17,1,2,1,644803
800,1,2,0.5555,0,4,6.0,1,1,0,5,1,1,1,406734
801,1,1,0.4866,1,12,25.0,1,1,1,13,3,2,2,365253
802,1,1,0.6275999999999999,1,12,30.0,1,1,0,14,3,2,1,455124
803,1,2,0.9235,0,3,43.0,2,1,0,5,3,2,1,224757
804,1,1,0.425,1,6,3.0,1,1,1,15,3,2,2,549898
805,5,1,0.7239,1,3,41.0,1,1,0,12,1,1,1,363226
806,1,1,0.5228,1,9,13.0,1,1,1,11,3,2,2,546860
807,2,1,0.5217,1,9,6.0,1,1,1,12,2,1,2,429623
808,1,1,0.6279,1,5,25.0,2,1,0,12,2,2,1,490010
809,1,2,0.8639,0,4,46.0,10,1,0,4,3,2,2,385745
811,5,1,0.47509999999999997,1,7,28.0,1,1,1,15,2,1,1,193676
812,1,2,0.8056,0,3,30.0,1,1,0,5,3,2,2,382298
813,1,1,0.47700000000000004,1,11,7.0,1,1,1,21,2,2,2,643289
814,1,2,0.8906000000000001,0,5,42.0,1,1,0,5,3,2,1,346202
816,5,1,0.6367,1,25,25.0,4,1,1,25,3,2,2,363289
818,5,1,0.39840000000000003,1,5,24.0,1,1,1,12,1,1,1,230284
819,5,4,0.4437,1,10,7.0,16,1,1,10,3,2,2,593064
820,1,1,0.43979999999999997,1,6,8.0,1,1,1,11,2,2,1,435534
821,1,4,0.722,1,7,30.0,1,1,0,7,2,2,2,408707
824,5,1,0.677,1,5,25.0,4,1,0,12,4,2,2,340036
825,1,1,0.653,1,22,28.0,2,1,0,36,3,2,2,326579
826,1,1,0.8791,1,16,28.0,2,1,1,22,3,2,2,235223
827,5,2,0.9301,0,3,43.0,1,1,0,4,3,1,2,80354
828,2,2,0.8715,0,4,41.0,1,1,0,4,7,2,7,326893
829,1,2,0.7878000000000001,0,1,44.0,1,1,0,4,2,1,2,341507
830,1,1,0.4428,1,2,12.0,2,1,1,11,2,1,1,421157
831,1,1,0.6970999999999999,1,2,24.0,1,1,0,12,2,2,1,521154
832,1,2,0.9525,0,3,50.0,2,1,0,3,3,2,2,287779
833,1,1,0.3857,1,10,8.0,1,1,1,15,2,1,1,595193
834,1,1,0.4755,1,4,12.0,3,1,1,11,1,1,1,541312
835,1,1,0.7059000000000001,1,20,26.0,1,1,0,32,2,1,1,269140
836,1,4,0.6586,1,7,27.0,1,1,0,9,3,1,1,438800
837,5,2,0.6849,0,2,30.0,1,1,0,5,2,2,1,208271
838,1,1,0.5682,1,10,18.0,1,1,0,12,1,1,1,625002
839,1,4,0.6901,1,2,30.0,1,1,1,5,3,2,2,367977
840,1,4,0.6002000000000001,1,1,22.0,1,1,1,9,2,2,2,463283
841,1,1,0.4838,1,5,15.0,1,1,1,11,2,2,2,534975
842,1,1,0.4771,1,16,6.0,1,1,1,21,2,2,1,613253
843,1,4,0.7484000000000001,1,2,27.0,1,1,0,6,2,2,1,601894
844,1,1,0.3701,1,6,8.0,1,1,1,15,1,1,1,597537
845,1,1,0.6261,1,17,26.0,1,1,1,18,2,2,1,343190
846,1,1,0.4611,1,4,8.0,1,1,1,15,2,2,1,558912
847,1,1,0.3735,1,7,8.0,1,1,1,15,1,2,1,589005
848,5,2,0.6267,0,5,29.0,1,1,0,5,3,2,2,157507
851,1,2,0.8914,0,5,43.0,1,1,0,5,3,2,1,328608
853,5,2,0.5871999999999999,0,3,28.0,1,1,1,4,4,2,2,300552
854,1,1,0.6247,1,9,17.0,6,1,0,14,2,2,1,529683
856,1,1,0.6751999999999999,1,15,29.0,1,1,0,25,1,1,1,612988
857,1,2,0.8687999999999999,0,4,43.0,13,1,0,5,3,2,2,399150
858,5,2,0.5986,0,4,28.0,1,1,1,4,3,2,1,258909
859,5,2,0.8878,0,3,43.0,1,1,0,4,3,1,1,146426
860,5,4,0.6388,1,5,25.0,1,1,1,5,3,2,2,366506
861,1,1,0.4511,1,13,8.0,1,1,1,22,3,2,2,534899
862,1,1,0.5532,1,7,29.0,1,1,1,13,3,2,2,411931
863,1,2,0.8568000000000001,0,4,42.0,1,1,0,5,2,2,1,413706
864,1,1,0.6696,1,11,27.0,3,1,0,20,2,2,1,546317
865,1,1,0.6905,1,6,27.0,2,1,0,16,1,1,1,546869
866,5,4,0.6918000000000001,1,5,29.0,1,1,0,8,3,2,2,227157
867,1,1,0.4257,1,4,12.0,3,1,1,11,2,2,1,646588
868,1,1,0.5346,1,2,9.0,2,1,1,29,3,2,2,509534
869,5,1,0.6473,1,12,28.0,1,1,0,15,1,1,1,248724
870,3,4,0.5841,1,2,10.0,1,1,1,4,3,2,2,449696
871,1,1,0.6704000000000001,1,7,30.0,1,1,1,24,4,2,2,462575
872,1,1,0.3892,1,6,7.0,1,1,1,15,1,1,1,495676
873,5,1,0.721,1,4,31.0,3,1,1,21,3,2,3,352083
874,2,1,0.6877,1,13,26.0,2,1,0,16,3,2,2,547736
875,5,4,0.5725,1,2,1.0,1,1,0,8,2,2,2,580003
876,1,1,0.7726999999999999,1,20,30.0,1,1,0,24,3,2,2,490671
878,1,1,0.4807,1,20,6.0,1,1,1,23,3,2,2,569276
879,1,1,0.483,1,13,10.0,1,1,1,14,3,2,1,400208
880,1,1,0.6967,1,9,27.0,2,1,0,16,2,2,1,514919
881,1,1,0.5292,1,11,25.0,2,1,1,17,4,2,2,362926
882,1,1,0.6577,1,10,27.0,2,1,0,16,1,1,1,548116
883,2,2,0.9691,0,5,38.0,1,1,0,5,3,2,1,306093
884,1,1,0.66,1,29,13.0,1,1,0,29,1,1,1,637260
885,5,4,0.7889,1,3,32.0,1,1,0,10,2,2,1,161322
886,5,4,0.5637,1,3,28.0,1,1,1,8,2,2,1,319805
887,5,1,0.774,1,8,42.0,2,1,1,14,3,2,1,290823
888,1,1,0.4642,1,6,15.0,1,1,1,14,3,2,2,547104
889,5,2,0.6546,0,5,29.0,1,1,0,5,3,2,2,101517
890,1,1,0.4693,1,5,8.0,1,1,1,15,2,1,1,513805
891,1,1,0.5357999999999999,1,2,6.0,1,1,1,11,3,2,2,549610
892,5,2,0.5549000000000001,0,5,25.0,1,1,1,5,2,2,2,265002
893,1,1,0.44310000000000005,1,4,8.0,1,1,1,15,2,1,1,524096
895,1,1,0.4919,1,9,26.0,1,1,1,12,4,1,2,617283
896,1,1,0.4815,1,2,24.0,1,1,1,12,2,2,1,673646
897,5,2,0.5727,0,2,27.0,1,1,1,4,2,2,2,281464
898,1,4,0.6670999999999999,1,6,28.0,1,1,0,7,1,1,1,287626
899,1,4,0.5738,1,8,29.0,1,1,1,9,3,2,1,393362
901,1,1,0.3061,1,8,6.0,1,1,1,13,2,1,1,452357
903,1,2,0.924,0,3,36.0,2,1,0,5,3,2,2,399600
904,1,2,1.0,0,4,47.0,4,1,0,4,3,2,1,244357
905,1,1,0.7784,1,4,30.0,2,1,0,16,1,1,1,444764
908,1,1,0.5964,1,2,17.0,4,1,0,14,3,2,2,342426
909,2,1,0.5257000000000001,1,6,28.0,1,1,1,25,3,2,2,468036
910,5,4,0.5786,1,6,1.0,1,1,0,8,2,2,2,621745
911,5,4,0.4321,1,1,1.0,1,1,1,8,2,2,2,720592
912,5,1,0.7559,1,9,42.0,2,1,0,14,1,1,1,302562
915,1,1,0.8652,1,17,30.0,1,1,1,24,3,2,2,454218
916,1,4,0.6268,1,2,27.0,1,1,0,9,1,1,1,488539
917,5,2,0.8273,0,3,36.0,2,1,0,5,4,2,2,358582
918,1,1,0.6025,1,3,17.0,1,1,1,12,4,2,2,411167
919,1,2,0.8155,0,2,40.0,1,1,0,5,3,1,1,343993
920,5,4,0.5524,1,6,1.0,1,1,0,8,2,2,1,620278
921,5,4,0.5786,1,5,1.0,1,1,0,8,2,2,1,614106
922,2,1,0.7570999999999999,1,12,32.0,1,1,0,12,2,1,1,477273
923,5,2,0.8858,0,3,43.0,2,1,0,4,3,1,1,148641
924,1,1,0.8522,1,6,28.0,2,1,1,23,4,2,2,294671
925,1,2,0.8437,0,1,44.0,1,1,0,4,2,2,2,405369
926,1,2,0.9005,0,4,39.0,1,1,0,5,3,2,2,529365
927,1,1,0.44549999999999995,1,6,13.0,1,1,1,29,1,1,1,677372
928,1,1,0.4703,1,19,6.0,1,1,1,21,2,2,2,644866
929,1,4,0.6627,1,2,25.0,3,1,0,6,3,2,2,393098
930,1,1,0.7936,1,7,30.0,1,1,0,24,2,2,1,570866
931,1,1,0.6262,1,11,26.0,1,1,1,18,2,2,2,298483
932,1,1,0.6861,1,12,25.0,1,1,0,33,1,1,1,283421
933,5,2,0.6441,0,4,29.0,1,1,0,5,3,2,2,166486
934,5,2,0.6267,0,5,29.0,1,1,0,5,3,2,2,192159
936,2,1,0.8326,1,11,27.0,1,1,0,26,2,2,1,598929
938,1,2,0.9024,0,5,41.0,1,1,0,5,3,2,1,342463
939,2,1,0.5318999999999999,1,3,1.0,1,1,0,15,2,1,1,479398
940,5,2,0.8606,0,2,43.0,1,1,0,4,3,2,1,224813
941,5,1,0.7434999999999999,1,6,25.0,8,1,2,12,4,2,2,269464
943,1,2,0.8482999999999999,0,2,49.0,1,1,0,3,2,1,1,179127
944,1,4,0.7656999999999999,1,5,29.0,2,1,0,8,3,1,2,492367
945,5,2,0.853,0,2,41.0,1,1,0,5,3,2,2,162559
946,5,1,0.7678,1,19,31.0,3,1,1,21,3,2,2,388853
947,1,1,0.4568,1,21,6.0,3,1,1,25,3,2,2,622367
948,1,1,0.5326,1,8,25.0,1,1,1,13,4,2,2,416284
950,1,1,0.7855,1,2,30.0,1,1,0,13,3,2,2,419055
951,5,4,0.8782,1,6,42.0,1,1,0,7,1,1,1,328192
952,5,4,0.6378,1,8,27.0,1,1,1,8,4,2,2,287653
953,1,1,0.4693,1,3,8.0,1,1,1,15,2,2,1,520083
954,5,1,0.7093,1,9,25.0,8,1,1,28,3,1,2,308863
955,1,1,0.8427,1,3,28.0,2,1,0,24,3,2,2,368727
956,1,1,0.8345,1,24,30.0,1,1,0,24,3,2,2,452962
958,2,1,0.4645,1,5,4.0,2,1,1,15,3,1,2,362536
959,1,2,0.8047,0,2,35.0,1,1,0,5,3,2,2,397587
961,1,1,0.4852,1,15,7.0,1,1,1,21,3,2,1,675498
964,1,1,0.4143,1,9,1.0,2,1,1,11,2,2,1,473630
967,2,1,0.4621,1,15,1.0,1,1,1,15,2,1,1,514774
968,2,1,0.4738,1,9,26.0,2,1,1,16,3,2,2,448651
970,5,4,0.6437999999999999,1,4,29.0,1,1,0,5,2,2,1,159534
971,1,1,0.8345,1,20,28.0,2,1,0,24,2,2,1,405855
972,5,2,0.6593000000000001,0,2,25.0,1,1,0,5,3,2,1,271352
973,1,1,0.7995,1,14,29.0,2,1,0,17,3,1,2,530360
976,1,1,0.47729999999999995,1,10,15.0,1,1,1,18,3,2,2,586969
978,1,1,0.5175,1,3,15.0,1,1,1,11,3,2,2,368694
979,5,1,0.5482,1,9,27.0,1,1,1,12,3,2,2,233765
981,5,1,0.5501,1,15,25.0,3,1,2,28,5,2,2,215990
982,1,4,0.7214,1,4,30.0,1,1,0,8,3,2,2,328552
983,1,1,0.5073,1,2,15.0,2,1,1,19,3,2,2,511451
984,5,1,0.7367,1,8,25.0,4,1,1,12,3,2,2,353636
985,1,1,0.469,1,10,8.0,1,1,1,15,2,2,1,518734
986,5,1,0.7372,1,16,25.0,4,1,1,23,4,2,2,346436
987,5,1,0.7215,1,8,25.0,4,1,1,25,2,2,1,407517
989,1,1,0.8541,1,9,28.0,2,1,1,24,4,2,2,263471
990,1,1,0.7964,1,1,28.0,6,1,1,17,4,2,2,511769
991,1,1,0.8564,1,23,29.0,1,1,1,24,2,1,1,354083
992,1,1,0.8726999999999999,1,6,28.0,2,1,1,23,2,1,1,353921
993,1,1,0.4363,1,3,8.0,1,1,1,15,1,1,1,590218
994,1,1,0.5622,1,1,18.0,1,1,1,12,2,2,1,384466
995,1,1,0.5172,1,1,18.0,1,1,1,12,2,2,2,386420
996,1,1,0.5434,1,8,13.0,1,1,1,11,3,2,2,516945
998,1,4,0.8256999999999999,1,3,30.0,1,1,0,8,3,2,1,424261
999,5,1,0.7691,1,5,28.0,1,1,0,12,3,2,1,371339
1000,2,1,0.6877,1,6,26.0,2,1,0,17,4,1,2,526668
1001,5,4,0.5943999999999999,1,3,28.0,1,1,1,7,2,2,2,427537
1002,1,4,0.7909999999999999,1,7,29.0,1,1,0,9,3,2,2,397494
1003,1,1,0.6259,1,5,28.0,2,1,0,36,3,2,2,316896
1004,2,1,0.6812,1,21,26.0,2,1,0,23,1,1,1,246370
1005,5,4,0.4182,1,3,1.0,1,1,1,8,3,2,1,600846
1006,5,4,0.4597,1,8,1.0,1,1,1,8,3,2,2,613408
1008,1,2,0.8591,0,3,44.0,2,1,0,4,3,2,2,305329
1009,5,1,0.7193,1,9,42.0,2,1,0,14,2,2,1,247326
1010,1,4,0.5566,1,5,26.0,1,1,1,7,3,2,1,65570
1012,1,1,0.47259999999999996,1,2,11.0,1,1,2,14,3,2,2,569964
1013,5,2,1.0,0,2,52.0,1,1,0,4,3,2,1,435183
1014,1,2,0.9283,0,3,39.0,1,1,0,5,3,2,2,540909
1015,2,1,0.47590000000000005,1,21,28.0,1,1,1,26,2,2,2,239117
1017,1,1,0.8345999999999999,1,5,28.0,2,1,0,24,2,2,2,411051
1018,1,4,0.5375,1,10,13.0,1,1,0,10,2,2,1,404476
1020,1,1,0.5784,1,2,15.0,1,1,0,11,3,2,2,411643
1021,1,1,0.6109,1,11,30.0,1,1,0,16,2,1,1,402288
1022,5,4,0.6083,1,8,1.0,1,1,0,8,2,2,2,656684
1023,1,4,0.5365,1,2,2.0,2,1,0,7,2,1,1,429907
1024,5,1,0.6473,1,10,28.0,1,1,0,15,1,1,1,230635
1025,5,1,0.6625,1,9,28.0,1,1,1,15,3,2,2,200311
1026,5,4,0.4263,1,7,1.0,1,1,1,8,2,2,2,656684
1027,5,4,0.4487,1,2,1.0,1,1,1,8,3,2,1,566790
1028,1,1,0.5393,1,12,29.0,2,1,1,12,3,2,2,413775
1029,1,1,0.4996,1,22,13.0,1,1,1,29,3,2,2,576390
1030,5,2,0.8761,0,5,43.0,1,1,0,5,3,2,2,378615
1031,2,1,0.8379000000000001,1,11,30.0,1,1,0,12,3,2,2,440440
1032,1,4,0.6509999999999999,1,2,23.0,1,1,0,9,2,1,1,325669
1033,1,1,0.4397,1,7,10.0,1,1,1,15,2,2,1,451398
1034,1,1,0.6769,1,11,32.0,1,1,0,12,3,2,2,570843
1035,2,2,0.9293,0,4,43.0,1,1,0,5,3,2,1,315864
1036,1,2,0.9484999999999999,0,4,43.0,1,1,0,5,3,1,1,340417
1037,1,1,0.4792,1,5,1.0,1,1,1,13,3,2,2,440251
1038,1,2,0.8323,0,5,45.0,1,1,0,5,4,4,2,457574
1039,1,1,0.5440999999999999,1,4,18.0,1,1,1,14,3,2,2,508694
1040,1,4,0.5726,1,1,20.0,1,1,1,7,3,2,2,350169
1041,1,1,0.49729999999999996,1,10,6.0,1,1,1,15,3,2,2,483375
1042,2,1,0.47859999999999997,1,11,4.0,2,1,1,15,3,2,2,506658
1044,1,1,0.4866,1,7,8.0,1,1,1,11,2,2,1,576099
1045,5,4,0.4597,1,6,1.0,1,1,1,8,3,2,2,637352
1046,5,4,0.5786,1,3,1.0,1,1,0,8,2,2,2,610288
1047,5,2,0.6441,0,4,29.0,1,1,0,5,3,2,1,155891
1048,1,4,0.6293,1,4,32.0,1,1,0,6,2,2,2,579792
1049,1,2,0.8941,0,2,43.0,1,1,0,5,3,2,1,363160
1050,1,1,0.41409999999999997,1,14,17.0,1,1,1,14,3,2,2,478354
1051,1,1,0.6405,1,9,29.0,1,1,0,14,3,2,2,467035
1052,5,1,0.7331,1,8,42.0,2,1,0,14,2,2,1,379660
1053,5,4,0.7001999999999999,1,4,27.0,1,1,0,7,3,2,2,235359
1054,5,1,0.6133,1,13,28.0,1,2,0,15,3,2,3,101702
1056,5,4,0.8795000000000001,1,2,42.0,1,1,0,7,1,1,1,321127
1057,1,1,0.6907,1,14,25.0,1,1,0,32,1,1,1,277398
1058,1,1,0.6467,1,22,25.0,1,1,0,32,2,1,1,264145
1059,1,1,0.8791,1,15,28.0,2,1,1,23,3,2,2,419008
1060,1,4,0.6344,1,5,30.0,1,1,0,7,1,1,1,380301
1061,1,1,0.4175,1,5,3.0,1,1,1,15,2,2,1,586139
1062,2,1,0.6479,1,19,26.0,2,1,0,23,2,2,1,563435
1063,1,1,0.4154,1,21,3.0,2,1,1,23,2,2,1,532959
1064,1,1,0.42969999999999997,1,12,8.0,1,1,1,15,3,2,1,511190
1065,1,1,0.8664000000000001,1,12,29.0,1,1,1,25,2,2,2,405180
1066,1,1,0.7558,1,12,30.0,1,1,0,24,1,2,1,608106
1067,1,1,0.5327000000000001,1,11,28.0,1,1,1,14,4,2,2,476215
1068,2,1,0.665,1,3,28.0,1,1,0,25,1,2,1,579683
1069,1,4,0.5991,1,3,30.0,1,1,0,8,3,2,2,60192
1070,3,4,0.5874,1,4,10.0,1,1,1,4,3,2,2,450079
1071,5,2,0.5813,0,1,27.0,1,1,1,4,3,2,2,301408
1072,1,1,0.5213,1,2,8.0,1,1,0,15,1,1,1,607603
1073,1,1,0.5482,1,6,15.0,1,1,1,15,3,2,2,624843
1074,5,4,0.4269,1,4,6.0,2,1,1,5,2,1,1,373484
1075,1,1,0.3375,1,4,8.0,1,1,2,15,1,1,1,461755
1076,1,1,0.6134000000000001,1,2,1.0,1,1,0,13,1,1,1,524033
1077,2,4,0.8256999999999999,1,6,29.0,1,1,0,8,4,2,2,302694
1078,1,4,0.47009999999999996,1,8,20.0,1,1,1,8,3,2,2,542893
1080,1,1,0.5579,1,5,15.0,1,1,0,14,3,2,2,572797
1081,1,1,0.6439,1,9,27.0,2,1,0,16,1,1,1,511012
1082,1,2,0.8957999999999999,0,1,45.0,1,1,0,4,3,2,2,637977
1083,2,1,0.7042,1,17,26.0,2,1,0,17,3,2,1,697983
1084,5,2,0.8856999999999999,0,2,43.0,2,1,0,4,3,2,3,297283
1085,5,4,0.8782,1,3,42.0,1,1,0,7,1,1,1,268519
1087,2,2,0.9662000000000001,0,5,38.0,1,1,0,5,2,2,1,399187
1089,5,2,0.8367,0,3,43.0,1,1,0,4,3,2,1,136212
1090,1,1,0.4804,1,11,7.0,1,1,1,20,4,2,2,633455
1091,1,1,0.4329,1,8,10.0,1,1,1,15,2,1,1,312896
1092,1,1,0.8579000000000001,1,12,28.0,2,1,1,24,4,2,2,282744
1093,1,4,0.7221,1,3,30.0,1,1,0,8,4,2,2,459008
1094,2,1,0.4386,1,19,26.0,2,1,1,22,2,2,1,464817
1095,1,1,0.7979999999999999,1,11,29.0,2,1,0,17,2,2,1,526476
1096,1,1,0.5771000000000001,1,12,30.0,1,1,0,13,2,2,1,578780
1097,1,4,0.8806,1,3,32.0,1,1,0,6,3,2,2,532304
1098,1,1,0.8073,1,3,26.0,2,1,0,16,3,2,1,433217
1099,1,1,0.5669,1,8,17.0,1,1,0,12,2,1,1,618985
1104,1,1,0.6437999999999999,1,14,28.0,2,1,0,24,1,1,1,497937
1105,1,1,0.6455,1,4,27.0,2,1,0,16,3,2,2,465055
1106,1,1,0.41409999999999997,1,7,17.0,1,1,1,14,3,2,2,485712
1107,1,1,0.5292,1,12,25.0,2,1,1,17,3,2,2,376615
1108,1,4,0.6792,1,5,29.0,1,1,0,6,3,2,1,546496
1110,1,1,0.6592,1,3,28.0,1,1,0,14,2,2,1,526992
1111,1,1,0.6623,1,13,29.0,1,1,0,25,2,2,1,549646
1112,1,1,0.44549999999999995,1,3,3.0,1,1,1,15,2,1,1,652605
1113,2,1,0.8783,1,8,30.0,1,1,0,12,2,2,2,490668
1114,1,1,0.8011,1,18,29.0,1,1,0,24,2,2,1,556261
1115,1,1,0.5112,1,9,13.0,1,1,1,11,3,2,2,452096
1116,5,4,0.716,1,6,30.0,1,1,0,7,4,1,2,362403
1118,1,1,0.5708,1,6,28.0,1,1,1,17,3,2,2,280509
1119,1,4,0.6093,1,4,25.0,1,1,0,8,2,2,1,476820
1120,1,4,0.6077,1,6,33.0,1,1,1,6,3,2,3,358350
1122,2,1,0.6877,1,3,26.0,2,1,0,17,4,2,2,560374
1123,1,2,0.8898,0,5,40.0,2,1,0,5,3,2,1,312106
1124,1,2,0.8902,0,5,40.0,2,1,0,5,3,2,1,364337
1125,1,4,0.7917000000000001,1,2,33.0,1,1,0,7,3,2,1,370982
1127,1,2,0.8025,0,2,36.0,1,1,0,5,3,2,2,354810
1128,1,2,0.8898,0,5,40.0,2,1,0,5,3,2,1,298509
1130,1,2,0.9251999999999999,0,5,44.0,1,1,0,5,3,2,2,360479
1131,1,1,0.4879,1,6,2.0,1,1,1,14,3,2,2,712982
1132,1,1,0.8212999999999999,1,10,28.0,2,1,0,24,2,2,1,437878
1134,1,2,0.8371,0,4,38.0,1,1,0,5,3,2,2,296681
1135,5,2,0.8297,0,4,43.0,2,1,0,5,3,2,1,168879
1136,1,1,0.6808,1,9,11.0,1,1,0,15,4,2,2,505987
1137,1,2,0.8314,0,4,39.0,6,1,0,5,2,1,1,375197
1138,1,1,0.4548,1,12,6.0,1,1,1,21,2,2,1,648324
1139,2,1,0.5161,1,9,26.0,1,1,1,27,4,2,2,394221
1140,5,4,0.745,1,5,32.0,1,1,0,10,1,1,1,211762
1141,1,1,0.6577,1,12,27.0,2,1,0,16,1,1,1,539276
1142,1,1,0.5526,1,7,17.0,1,1,0,12,1,1,1,630463
1143,1,1,0.46130000000000004,1,11,5.0,1,1,1,15,2,2,2,357167
1144,1,4,0.5997,1,4,27.0,1,1,1,8,2,2,2,445283
1145,1,1,0.7784,1,9,30.0,2,1,0,16,1,1,1,415438
1146,1,1,0.43689999999999996,1,4,8.0,1,1,1,15,3,2,1,496387
1147,1,1,0.5478000000000001,1,6,18.0,1,1,0,12,3,2,2,416030
1148,1,1,0.40009999999999996,1,19,6.0,1,1,1,23,2,1,1,326717
1150,1,2,0.9307,0,2,43.0,5,1,0,5,3,2,2,420155
1151,5,4,0.4578,1,7,28.0,1,1,1,8,2,1,1,196304
1152,1,1,0.41159999999999997,1,14,17.0,4,1,1,14,1,2,1,292383
1153,1,2,0.8378,0,4,44.0,1,1,0,5,3,2,1,359412
1154,1,1,0.5326,1,9,25.0,1,1,1,13,4,2,2,416284
1155,5,2,0.6252,0,3,25.0,1,1,1,5,3,2,2,283736
1156,1,2,0.7545000000000001,0,5,37.0,1,1,0,5,3,2,2,364949
1158,1,1,0.5261,1,18,27.0,3,1,1,18,2,2,2,322202
1159,1,1,0.6526000000000001,1,15,27.0,2,1,0,16,3,2,2,494899
1160,1,4,0.7353000000000001,1,1,30.0,1,1,0,7,2,1,1,364949
1161,1,1,0.8576,1,4,28.0,2,1,1,24,4,2,2,248731
1162,1,1,0.5109,1,2,9.0,1,1,1,18,3,2,2,491339
1163,2,1,0.6456000000000001,1,2,28.0,1,1,0,26,2,2,1,597408
1164,1,1,0.823,1,24,29.0,1,1,0,24,2,1,1,505610
1166,1,1,0.4972,1,8,15.0,1,1,1,11,2,2,2,492063
1168,1,4,0.6081,1,1,13.0,1,1,0,10,4,2,2,437441
1169,5,1,0.6816,1,5,25.0,8,1,1,25,2,2,1,361144
1170,1,4,0.7636,1,3,31.0,1,1,0,7,2,1,1,343369
1171,1,1,0.4511,1,3,8.0,1,1,1,22,2,2,2,621488
1172,1,1,0.6536,1,6,27.0,1,1,0,11,4,2,2,588463
1173,1,1,0.6835,1,13,25.0,1,1,0,32,3,2,2,280109
1174,1,1,0.6214999999999999,1,3,28.0,2,1,0,24,2,2,2,574582
1175,1,2,0.9135,0,5,35.0,2,1,0,5,3,2,2,315484
1176,5,2,1.0,0,3,51.0,1,1,0,4,3,2,1,322631
1177,1,1,0.5224,1,5,6.0,1,1,1,11,3,1,2,505874
1178,1,2,0.8339,0,3,34.0,1,1,0,5,3,1,2,88284
1179,1,1,0.8427,1,19,28.0,2,1,0,23,3,2,2,377775
1180,1,1,0.5225,1,9,17.0,1,1,1,13,4,2,2,81838
1181,2,2,0.8694,0,4,44.0,1,1,0,4,3,2,1,445223
1182,1,4,0.5652,1,1,25.0,1,1,1,8,3,2,2,417716
1183,1,1,0.4671,1,6,6.0,1,1,0,13,2,1,1,629901
1184,1,1,0.436,1,8,8.0,1,1,1,15,3,2,2,512959
1186,1,1,0.4913,1,14,28.0,2,1,1,18,3,2,2,341279
1187,1,2,0.596,0,1,25.0,1,1,1,5,3,2,2,623438
1193,1,1,0.36840000000000006,1,12,8.0,1,1,1,15,1,1,1,496863
1194,2,1,0.6614,1,16,26.0,2,1,0,23,3,2,2,424932
1195,5,4,0.8214,1,1,29.0,1,1,0,8,4,2,1,229775
1196,5,1,0.6453,1,21,25.0,8,1,0,25,1,1,1,309841
1197,1,1,0.6459,1,13,30.0,1,1,0,16,1,1,1,430307
1198,1,1,0.725,1,9,26.0,1,1,0,12,2,1,1,603845
1199,1,2,0.8684000000000001,0,2,44.0,1,1,0,4,3,2,1,217484
1200,1,1,0.6861,1,23,25.0,1,1,0,33,1,1,1,330658
1201,1,2,0.8852,0,1,43.0,4,1,0,4,4,1,1,470155
1202,1,1,0.7041,1,7,31.0,1,1,0,12,3,2,2,219848
1204,1,4,0.7098,1,4,29.0,2,1,0,8,3,2,1,480625
1205,1,1,0.6406000000000001,1,2,25.0,1,1,0,32,1,1,1,205831
1207,1,4,0.6652,1,7,19.0,1,1,0,7,3,2,2,346949
1209,5,4,0.7249,1,4,30.0,2,1,0,7,2,2,1,253296
1210,1,2,0.9056000000000001,0,3,44.0,1,1,0,4,3,2,2,363273
1211,1,4,0.6762,1,4,16.0,1,1,0,9,4,2,2,500724
1212,2,1,0.6533,1,15,26.0,2,1,0,18,2,2,1,459481
1213,1,1,0.5186999999999999,1,25,25.0,1,1,1,32,3,2,2,209874
1214,1,4,0.6629,1,2,29.0,1,1,1,7,3,1,2,504783
1215,1,1,0.8885,1,5,29.0,2,1,1,16,2,2,2,318896
1216,5,4,0.7164,1,3,26.0,1,1,0,7,2,2,2,598922
1217,2,2,0.9292,0,5,43.0,1,1,0,5,3,2,1,403825
1218,1,1,0.46159999999999995,1,6,10.0,1,1,2,14,3,2,2,621276
1219,5,4,0.39640000000000003,1,4,6.0,1,1,1,6,2,2,1,436420
1220,1,4,0.436,1,1,27.0,1,1,1,6,3,1,1,251369
1221,1,1,0.8791,1,7,28.0,2,1,1,23,3,2,2,292493
1222,1,1,0.4192,1,8,8.0,1,1,1,15,1,1,1,578975
1223,1,1,0.4657,1,2,5.0,1,1,1,11,3,2,2,435177
1224,5,1,0.5033,1,2,27.0,1,1,1,12,3,2,2,199544
1225,5,1,0.5284,1,16,25.0,2,1,1,26,3,2,2,290165
1226,5,4,0.4263,1,8,1.0,1,1,1,8,2,2,2,674433
1228,1,4,0.5455,1,6,30.0,1,1,1,6,2,2,2,325851
1229,1,1,0.5733,1,6,27.0,1,1,1,14,3,2,2,463521
1230,1,1,0.48200000000000004,1,14,17.0,1,1,1,14,3,2,2,521230
1231,1,1,0.6762,1,10,29.0,1,1,1,16,4,2,2,343098
1232,2,1,0.47840000000000005,1,25,24.0,1,1,1,28,2,2,2,312063
1233,1,4,0.6101,1,6,31.0,1,1,1,6,3,2,2,291140
1234,5,4,0.4422,1,4,6.0,16,1,1,10,4,2,2,672030
1235,1,1,0.4754,1,17,6.0,1,1,1,23,3,2,2,598258
1236,1,1,0.4374,1,9,8.0,1,1,1,15,1,1,1,582843
1237,1,1,0.49439999999999995,1,8,14.0,1,1,1,11,3,2,2,545068
1238,1,1,0.4757,1,8,12.0,3,1,1,11,3,2,2,494631
1239,1,1,0.5669,1,3,17.0,1,1,1,12,1,1,1,651633
1240,1,1,0.4962,1,6,17.0,1,1,1,14,3,2,2,407478
1241,1,1,0.4122,1,29,25.0,1,1,1,32,1,2,1,195035
1242,1,1,0.444,1,7,8.0,1,1,1,15,3,2,2,505944
1246,1,1,0.4587,1,3,29.0,1,1,0,12,2,2,1,371531
1247,1,2,1.0,0,3,53.0,1,1,0,3,5,2,2,414727
1248,5,2,0.8926000000000001,0,2,43.0,1,1,0,2,6,2,1,158460
1249,1,1,0.6367,1,9,28.0,1,1,0,14,1,1,1,546192
1250,2,1,0.631,1,17,26.0,2,1,0,23,2,2,1,540245
1253,1,1,0.6905,1,10,27.0,2,1,0,16,1,2,1,522291
1254,5,2,0.6565000000000001,0,1,29.0,1,1,0,5,3,2,2,258526
1258,1,2,0.8055,0,4,38.0,1,1,0,5,3,2,2,369088
1259,1,4,0.5626,1,2,9.0,1,1,0,10,3,2,2,574446
1260,2,1,0.6809999999999999,1,27,26.0,1,1,0,27,2,2,1,668559
1261,1,1,0.6577,1,10,27.0,2,1,0,16,1,1,1,523362
1262,1,1,0.6259,1,4,27.0,2,1,0,36,3,2,2,325537
1263,1,1,0.7868999999999999,1,24,29.0,1,1,0,24,2,2,1,544873
1264,5,2,0.6553,0,3,29.0,1,1,0,5,3,2,2,177084
1265,1,1,0.6814,1,8,26.0,1,1,0,12,1,1,1,528380
1266,1,2,0.887,0,2,43.0,1,1,0,5,3,2,2,444060
1267,1,4,0.659,1,8,25.0,1,1,0,8,2,2,1,489296
1270,5,1,0.6344,1,6,25.0,4,1,0,25,3,2,2,412959
1271,1,1,0.7961,1,14,29.0,1,1,0,24,3,2,2,482370
1272,1,1,0.6077,1,10,14.0,1,1,0,15,3,2,2,619835
1273,1,4,0.7761,1,6,30.0,4,1,0,7,3,2,2,412050
1274,2,1,0.6822,1,13,26.0,2,1,0,17,3,2,1,586929
1275,1,1,0.5791,1,22,3.0,2,1,0,23,2,2,1,647888
1277,1,2,0.9122,0,2,40.0,1,1,0,4,3,2,2,253213
1278,2,1,0.6524,1,9,24.0,1,1,0,28,3,2,2,64099
1279,2,1,0.5553,1,15,1.0,1,1,0,15,1,1,1,572311
1280,2,1,0.6877,1,10,26.0,2,1,0,17,1,1,1,539306
1281,1,2,0.8402,0,4,38.0,1,1,0,5,3,1,2,170007
1282,1,1,0.5744,1,7,15.0,1,1,0,18,3,2,2,320205
1283,1,1,0.6385000000000001,1,13,17.0,1,1,0,13,4,2,2,532063
1284,1,1,0.6967,1,15,27.0,2,1,0,16,2,1,1,490205
1285,1,1,0.6371,1,2,25.0,2,1,0,17,2,2,1,482780
1286,1,2,0.8698,0,1,43.0,2,1,0,4,3,2,2,285640
1287,1,1,0.5695,1,2,7.0,1,1,0,11,2,2,1,504436
1289,1,2,0.8654999999999999,0,4,30.0,1,1,0,5,3,2,1,329190
1290,1,1,0.6043999999999999,1,13,27.0,2,1,0,36,2,1,1,334202
1291,1,2,0.8935,0,3,43.0,1,1,0,5,4,2,1,199623
1293,5,2,1.0,0,3,51.0,2,1,0,4,3,2,2,385848
1294,1,1,0.6509,1,1,28.0,1,1,0,11,2,2,1,601613
1295,2,1,0.8278,1,26,27.0,1,1,0,26,2,2,1,635891
1296,5,4,0.7984,1,4,32.0,1,1,0,10,2,1,1,220307
1297,1,2,0.8405,0,4,33.0,1,1,0,5,3,2,2,333332
1299,1,4,0.46590000000000004,1,4,5.0,2,1,0,6,1,1,1,526136
1300,1,1,0.8219,1,22,29.0,1,1,0,24,3,2,2,513104
1301,1,1,0.7369,1,9,28.0,1,1,0,18,1,1,1,434149
1303,1,1,0.6949,1,26,25.0,1,1,0,32,3,2,2,303570
1304,1,1,0.5658,1,7,1.0,1,1,0,13,3,1,1,438436
1305,1,1,0.5658,1,4,1.0,1,1,0,13,3,1,1,434132
1306,1,2,0.8784000000000001,0,3,44.0,1,1,0,4,3,2,1,270093
1307,5,4,0.617,1,3,1.0,1,1,0,8,3,2,1,597008
1308,1,1,0.5526,1,10,17.0,1,1,0,12,1,1,1,678579
1309,1,1,0.6906,1,17,25.0,1,1,0,32,1,1,1,229788
1310,1,1,0.6413,1,2,28.0,2,1,0,24,2,2,1,526820
1311,1,2,0.9431999999999999,0,3,43.0,1,1,0,5,2,2,1,417947
1312,1,2,0.8751000000000001,0,4,43.0,1,1,0,5,3,2,1,317431
1313,2,1,0.5548,1,11,1.0,1,1,0,15,1,1,1,419279
1314,1,2,0.8128,0,4,43.0,1,1,0,5,3,2,1,343693
1315,1,1,0.6759999999999999,1,15,28.0,6,1,0,17,2,2,1,458106
1317,1,1,0.8515,1,6,27.0,1,1,0,13,1,1,1,529438
1318,1,1,0.8295,1,8,29.0,3,1,0,11,3,2,2,414641
1319,5,2,0.6419,0,4,25.0,1,1,0,5,3,2,2,260040
1320,5,2,0.9003,0,4,43.0,2,1,0,4,3,2,2,294476
1321,5,1,0.6059,1,5,31.0,1,1,0,15,1,1,1,408879
1323,1,1,0.8088,1,13,29.0,1,1,0,13,3,2,2,622149
1324,1,1,0.6934,1,2,29.0,2,2,0,14,1,1,1,385755
1325,1,4,0.7334999999999999,1,2,26.0,1,1,0,8,2,1,1,522023
1326,5,2,0.6520999999999999,0,1,29.0,1,1,0,5,2,2,1,194562
1327,5,2,0.8420000000000001,0,5,42.0,1,1,0,5,3,2,1,248955
1328,1,4,0.7676999999999999,1,5,30.0,1,1,0,7,3,2,2,445907
1329,1,1,0.5715,1,10,15.0,2,1,0,14,2,2,1,604777
1330,1,2,0.807,0,4,38.0,1,1,0,5,3,2,2,372731
1331,1,1,0.7884,1,7,29.0,1,1,0,12,3,2,2,420258
1332,1,1,0.5981000000000001,1,21,27.0,2,1,0,36,2,2,1,329636
1333,5,2,0.9065000000000001,0,2,39.0,2,1,0,5,3,2,1,439405
1334,2,1,0.6668999999999999,1,23,28.0,1,1,0,26,2,2,1,605250
1335,5,2,0.6441,0,5,29.0,1,1,0,5,3,2,2,136215
1336,5,1,0.7123,1,3,41.0,1,1,0,12,2,2,1,350357
1337,1,1,0.6448,1,4,27.0,2,1,0,16,1,1,1,511732
1338,1,4,0.7791,1,2,33.0,1,1,0,6,4,2,2,394516
1339,1,1,0.5711999999999999,1,6,15.0,1,1,0,15,2,1,1,635993
1340,1,1,0.7670999999999999,1,9,30.0,1,1,0,12,3,2,2,473802
1341,1,2,0.8508,0,2,43.0,1,1,0,5,3,2,2,373375
1343,1,2,0.8955,0,4,40.0,2,1,0,5,3,2,2,415345
1344,1,4,0.8334,1,4,31.0,2,1,0,7,1,1,1,442836
1346,1,4,0.5663,1,8,13.0,1,1,0,10,2,2,1,419583
1348,1,1,0.6045,1,5,29.0,1,1,0,15,2,2,1,462443
1351,5,1,0.6318,1,16,25.0,4,1,1,25,3,2,2,355927
1352,2,1,0.6864,1,11,26.0,2,1,0,16,3,2,2,403418
1353,5,1,0.7182999999999999,1,8,25.0,4,1,1,25,3,2,2,360056
1356,5,4,0.6663,1,2,28.0,1,1,1,7,4,1,1,222337
1357,5,1,0.8284,1,9,26.0,3,1,1,17,3,2,2,415276
1358,5,1,0.44920000000000004,1,5,24.0,1,1,1,12,2,2,1,239012
1359,1,1,0.4861,1,10,6.0,1,1,1,13,3,2,2,631101
1360,1,4,0.5265,1,7,25.0,1,1,1,8,3,2,2,436562
1361,1,1,0.48109999999999997,1,8,29.0,2,1,1,19,2,1,1,247967
1363,1,4,0.5109,1,9,24.0,1,1,1,9,3,2,2,220717
1364,5,2,0.579,0,2,27.0,1,1,1,4,3,1,2,176674
1365,1,1,0.4807,1,8,8.0,1,1,1,15,3,2,2,543484
1366,1,1,0.4891,1,7,28.0,2,1,1,18,3,2,1,331217
1367,1,4,0.5013000000000001,1,6,16.0,1,1,1,9,3,2,2,612400
1369,2,1,0.4621,1,12,1.0,1,1,1,15,2,1,1,514774
1370,1,1,0.5456,1,6,23.0,1,1,1,14,3,2,2,429726
1371,5,1,0.5065,1,8,25.0,2,1,1,26,3,2,1,353312
1372,5,4,0.5306000000000001,1,6,7.0,1,1,1,7,2,2,2,364998
1374,1,1,0.36840000000000006,1,10,8.0,1,1,1,15,2,1,1,552807
1375,1,1,0.49439999999999995,1,2,28.0,1,1,1,14,3,2,2,355038
1376,2,1,0.467,1,12,1.0,1,1,1,15,2,2,1,426304
1379,1,1,0.5139,1,14,28.0,6,1,1,17,3,2,2,526631
1380,1,1,0.4157,1,14,17.0,4,1,1,14,2,2,2,365488
1381,1,1,0.37020000000000003,1,15,8.0,1,1,1,15,2,2,1,584754
1382,1,1,0.5049,1,10,26.0,1,1,1,12,3,2,2,435590
1383,1,1,0.48700000000000004,1,13,14.0,2,1,1,15,3,2,2,396430
1384,1,1,0.5092,1,3,5.0,1,1,1,14,4,2,2,568473
1385,1,1,0.4583,1,24,25.0,1,1,1,32,2,1,1,259352
1386,2,1,0.5025999999999999,1,10,26.0,2,1,1,17,3,2,2,493174
1387,1,1,0.5611,1,3,26.0,1,1,1,12,3,1,1,332463
1388,5,1,0.6878,1,15,25.0,8,1,1,25,3,2,2,336826
1391,1,1,0.4395,1,5,10.0,1,1,1,15,2,2,1,455547
1392,1,1,0.4424,1,2,8.0,1,1,1,15,2,1,1,546902
1393,1,1,0.4217,1,5,7.0,1,1,1,15,2,2,1,591521
1394,1,1,0.8417,1,9,29.0,2,1,1,17,4,2,2,364162
1395,5,1,0.7515999999999999,1,3,31.0,3,1,1,17,3,2,2,284906
1396,5,1,0.7515999999999999,1,3,31.0,3,1,1,17,3,2,2,284906
1397,5,1,0.7515999999999999,1,3,31.0,3,1,1,17,3,2,2,284906
1399,1,1,0.5447,1,12,28.0,1,1,1,14,4,2,2,442893
1400,1,1,0.4918,1,2,1.0,1,1,1,13,3,2,2,451425
1401,2,1,0.5483,1,12,16.0,1,1,1,15,3,2,2,493974
1402,2,1,0.5357999999999999,1,25,28.0,1,1,1,26,3,2,2,494139
1404,5,4,0.8581,1,8,32.0,1,1,1,8,1,2,1,269441
1405,1,1,0.5036,1,3,1.0,1,1,1,13,2,1,1,490433
1406,5,1,0.6637000000000001,1,9,25.0,8,1,1,25,3,2,2,302688
1407,5,1,0.659,1,8,28.0,1,1,1,15,4,2,2,195884
1408,1,1,0.4622,1,8,13.0,1,1,1,29,4,2,2,494962
1409,2,1,0.48810000000000003,1,18,24.0,1,1,1,28,3,2,2,458152
1410,5,1,0.8502,1,14,42.0,2,1,1,14,1,1,1,263266
1411,1,1,0.4567,1,12,13.0,1,1,1,12,2,2,1,621299
1412,1,2,1.0,0,3,49.0,1,1,0,3,2,2,1,321263
1413,5,4,0.5758,1,8,28.0,1,1,1,8,3,2,2,344701
1414,1,2,0.9347,0,2,40.0,2,1,0,5,3,2,1,267273
1416,1,1,0.8026000000000001,1,7,27.0,1,1,0,15,2,2,1,657888
1418,1,1,0.6776000000000001,1,19,15.0,2,1,0,23,2,2,1,448572
1419,1,1,0.4955,1,6,16.0,1,1,1,11,3,2,2,545765
1421,1,1,0.7384000000000001,1,14,30.0,1,1,0,14,1,1,1,486860
1422,1,1,0.647,1,5,28.0,1,1,0,12,1,1,1,528926
1423,1,1,0.41859999999999997,1,14,8.0,1,1,1,15,2,1,1,579848
1424,1,1,0.593,1,2,27.0,1,1,0,13,3,2,2,426545
1425,1,2,0.9125,0,3,31.0,1,1,0,5,2,2,2,537276
1426,1,1,0.5367999999999999,1,12,29.0,1,1,1,12,3,2,2,398962
1427,1,1,0.8203,1,9,29.0,2,1,0,16,3,2,2,390169
1428,1,1,0.5433,1,7,17.0,1,1,0,12,1,1,1,636198
1429,1,4,0.6725,1,5,27.0,2,1,0,10,1,2,1,398919
1430,1,1,0.6214,1,5,30.0,1,1,0,14,3,2,2,426740
1431,1,1,0.6118,1,17,28.0,2,1,0,24,3,2,2,451716
1432,5,2,0.8856999999999999,0,4,43.0,1,1,0,4,3,2,2,345590
1433,1,1,0.5818,1,5,30.0,1,1,1,15,3,2,2,422919
1434,1,1,0.6909000000000001,1,1,27.0,3,1,0,20,4,2,2,469838
1436,2,1,0.4894,1,2,27.0,1,1,1,19,3,2,2,397448
1437,1,1,0.4361,1,14,16.0,1,1,1,14,3,2,2,548397
1438,5,1,0.6472,1,4,28.0,1,1,0,15,2,1,1,256261
1439,5,4,0.6848000000000001,1,4,28.0,1,1,0,8,2,1,1,247514
1440,1,2,0.8207,0,4,42.0,1,1,0,5,3,2,2,275481
1441,5,1,0.6753,1,6,28.0,1,1,1,15,2,1,1,160099
1442,1,2,0.8759,0,1,34.0,3,1,1,5,3,2,2,379947
1443,1,1,0.4468,1,6,12.0,2,1,1,11,2,2,1,490969
1444,1,1,0.8772,1,16,28.0,2,1,1,25,3,2,2,318473
1445,2,1,0.51,1,12,29.0,1,2,0,18,3,2,1,397666
1446,1,2,0.8206,0,3,44.0,1,1,0,5,3,2,1,166212
1447,1,4,0.5206000000000001,1,4,22.0,1,1,1,9,3,2,2,430988
1448,1,1,0.6692,1,11,27.0,1,1,0,14,3,2,2,292635
1449,5,2,0.6365999999999999,0,5,29.0,1,1,0,5,3,2,2,143993
1450,1,1,0.7655,1,10,29.0,1,1,0,24,1,1,1,571170
1451,1,1,0.5318999999999999,1,6,25.0,1,1,2,12,3,2,2,361289
1453,5,2,0.5611999999999999,0,1,28.0,1,1,1,4,2,2,1,262823
1454,1,1,0.5157,1,14,2.0,1,1,1,14,2,1,1,609855
1455,1,1,0.5406,1,2,2.0,1,1,1,14,2,1,1,618003
1457,5,4,0.4263,1,6,1.0,1,1,1,8,2,2,2,654909
1459,1,1,0.8408,1,4,29.0,1,1,0,24,3,2,2,462638
1460,1,4,0.7061,1,4,32.0,1,1,0,6,3,2,2,416493
1461,2,1,0.5408,1,14,28.0,1,1,1,23,3,2,2,457577
1462,5,2,0.8984000000000001,0,4,44.0,1,1,0,4,3,2,1,364919
1463,2,1,0.643,1,5,26.0,2,1,0,23,2,2,1,553269
1464,1,1,0.7068000000000001,1,7,25.0,1,1,0,17,3,2,1,573874
1465,1,1,0.6981,1,10,32.0,1,1,0,12,3,2,2,547587
1466,1,1,0.6228,1,8,14.0,9,1,0,14,2,1,1,490357
1467,1,1,0.4975,1,8,14.0,9,1,1,14,1,1,1,422212
1468,1,1,0.8726999999999999,1,16,28.0,2,1,1,23,2,2,1,273418
1469,1,1,0.452,1,9,3.0,1,1,1,15,3,1,2,663944
1470,1,4,0.7084999999999999,1,5,29.0,2,1,0,8,2,2,1,496489
1471,1,4,0.6964,1,7,30.0,1,1,0,8,3,2,2,438516
1473,1,1,0.7920999999999999,1,22,29.0,1,1,0,24,2,1,1,496559
1474,1,1,0.5035000000000001,1,27,25.0,1,1,1,32,2,2,1,260512
1475,2,1,0.7067,1,15,25.0,2,1,1,18,3,2,2,438833
1476,1,2,0.9235,0,1,42.0,2,1,0,5,3,1,1,81114
1477,1,2,0.8913,0,3,41.0,1,1,0,3,2,1,2,352450
1478,5,2,0.8862000000000001,0,2,42.0,2,1,0,4,3,2,2,274565
1479,1,1,0.6136,1,3,29.0,1,1,0,16,3,2,1,440863
1480,1,4,0.5371,1,2,18.0,1,1,1,9,3,2,2,479656
1482,1,2,0.9297,0,5,36.0,2,1,0,5,3,2,2,400400
1483,1,1,0.6744,1,8,12.0,1,1,0,29,1,1,1,656020
1484,1,1,0.6981,1,8,32.0,1,1,0,12,3,2,2,596869
1485,5,2,0.8297,0,3,42.0,1,1,0,5,3,2,1,222612
1486,1,2,0.88,0,2,50.0,1,1,0,3,2,2,2,432129
1487,5,2,0.6545000000000001,0,3,28.0,1,1,0,5,2,1,1,185349
1488,5,4,0.6083,1,2,1.0,1,1,0,8,2,2,2,595987
1490,5,2,0.5993999999999999,0,2,28.0,1,1,1,4,3,2,2,279144
1491,1,1,0.6856,1,14,33.0,1,1,1,16,3,2,2,401540
1492,1,1,0.6063000000000001,1,11,27.0,2,1,0,16,3,2,2,443091
1493,1,1,0.41409999999999997,1,8,17.0,1,1,1,14,3,1,2,518344
1494,5,2,0.5813,0,2,27.0,1,1,1,4,3,2,2,281412
1495,1,1,0.5503,1,9,5.0,3,1,0,25,2,2,1,643861
1496,1,1,0.4524,1,14,27.0,1,1,1,14,2,2,1,480291
1497,1,1,0.8189,1,6,28.0,2,1,0,14,2,1,1,261540
1498,1,1,0.7681999999999999,1,5,29.0,1,1,0,24,2,1,1,372542
1499,5,1,0.4509,1,3,27.0,1,1,1,12,2,2,1,271987
1500,1,1,0.45990000000000003,1,11,6.0,1,1,1,21,2,2,1,339643
1501,1,2,1.0,0,2,47.0,2,1,0,4,4,2,2,435074
1502,1,1,0.4537,1,5,3.0,2,1,1,12,2,2,1,446205
1504,1,1,0.4996,1,22,11.0,1,1,2,24,4,2,2,431263
1506,1,1,0.5179,1,6,14.0,9,1,1,14,2,2,1,576658
1509,5,1,0.7020000000000001,1,15,24.0,8,1,1,25,3,2,2,279904
1510,1,1,0.5084000000000001,1,11,27.0,2,1,1,16,4,2,2,355286
1511,1,4,0.7412000000000001,1,4,29.0,2,1,0,8,3,2,2,462496
1513,1,1,0.49119999999999997,1,3,1.0,1,1,1,13,3,2,2,434377
1514,1,1,0.4686,1,13,14.0,1,1,1,14,1,2,2,518612
1515,1,1,0.45890000000000003,1,2,3.0,1,1,1,15,3,2,2,547190
1518,5,2,0.6537000000000001,0,3,44.0,1,1,0,4,3,1,1,76777
1519,5,4,0.45030000000000003,1,3,1.0,1,1,1,8,3,2,1,561243
1520,5,2,0.7585,0,4,29.0,1,1,1,5,2,2,1,77220
1522,1,1,0.4864,1,5,1.0,1,1,1,13,3,2,2,436754
1523,2,1,0.6822,1,16,25.0,2,1,0,17,2,3,2,453144
1524,1,1,0.5325,1,6,10.0,1,1,1,14,3,2,2,506466
1525,1,1,0.4772,1,4,1.0,1,1,1,13,2,1,1,428307
1526,1,4,0.7295999999999999,1,8,30.0,1,1,0,8,3,3,2,246245
1527,1,1,0.4771,1,11,1.0,1,1,1,13,3,1,1,441306
1528,1,1,0.6389,1,20,25.0,1,1,0,23,1,1,1,157726
1530,5,2,0.8848999999999999,0,2,44.0,3,1,0,4,3,2,1,330618
1531,1,1,0.5986,1,24,25.0,1,1,1,32,4,2,3,105742
1532,5,4,0.4409,1,1,6.0,2,1,1,5,2,1,1,480618
1533,5,4,0.4182,1,2,1.0,1,1,1,8,3,2,1,559190
1534,5,4,0.4263,1,4,1.0,1,1,1,8,2,2,2,613379
1535,1,2,0.9415,0,3,36.0,2,1,0,5,3,2,2,117203
1536,1,4,0.8588,1,2,31.0,1,1,0,6,3,2,2,535785
1537,1,1,0.747,1,5,29.0,2,1,0,17,2,1,1,322737
1538,1,4,0.5249,1,10,25.0,1,1,1,10,3,2,2,626605
1539,1,1,0.6751999999999999,1,9,23.0,1,1,0,14,3,2,2,380231
1540,1,1,0.5196999999999999,1,5,10.0,1,1,1,14,3,2,2,609825
1542,1,4,0.7502,1,6,29.0,1,1,0,7,3,2,2,524185
1543,1,4,0.7098,1,7,29.0,1,1,0,7,2,2,2,499104
1544,1,4,0.5531,1,4,29.0,1,1,1,9,3,2,2,364102
1545,1,1,0.5341,1,14,24.0,1,1,1,16,3,2,2,408278
1546,1,1,0.7981,1,7,30.0,1,1,1,12,3,2,2,445974
1547,1,2,0.7084999999999999,0,5,34.0,2,1,0,5,4,2,2,248691
1548,1,4,0.5736,1,4,13.0,1,1,1,7,2,2,1,465425
1549,1,2,0.8376,0,5,35.0,1,1,0,5,2,2,2,257279
1551,1,1,0.5365,1,12,28.0,1,1,1,12,1,1,1,375821
1553,1,1,0.6535,1,3,29.0,1,1,0,16,3,2,2,409620
1554,1,1,0.4721,1,12,28.0,6,1,1,17,2,2,1,148698
1556,1,1,0.6004,1,2,18.0,1,1,0,12,2,2,1,607650
1557,1,4,0.7206999999999999,1,3,23.0,1,1,0,9,3,2,2,327696
1558,5,2,0.8856999999999999,0,4,42.0,1,1,0,4,3,2,1,204383
1559,1,1,0.6253,1,13,28.0,1,1,0,16,2,2,1,456952
1560,1,1,0.37079999999999996,1,10,28.0,1,1,1,14,2,2,1,407355
1562,1,1,0.7363,1,12,26.0,1,1,0,12,2,3,1,569964
1563,5,4,0.6737000000000001,1,1,28.0,1,1,1,10,3,2,2,224922
1564,5,1,0.7078,1,6,32.0,3,1,1,12,3,2,2,250840
1567,2,1,0.6897,1,21,28.0,1,1,0,23,4,2,2,517650
1568,1,1,0.525,1,27,25.0,1,1,1,32,3,2,1,210046
1569,1,2,0.8721,0,4,44.0,1,1,0,4,3,1,2,396694
1571,1,1,0.5685,1,14,29.0,2,1,1,17,3,2,2,409008
1572,1,4,0.5138,1,8,30.0,1,1,1,9,3,2,2,439481
1573,5,4,0.5073,1,5,1.0,4,1,1,6,3,2,3,385140
1574,1,4,0.7526,1,4,33.0,1,1,0,7,3,2,1,448668
1575,5,2,0.7515000000000001,0,4,29.0,2,1,1,5,3,2,2,144522
1576,1,4,0.7404999999999999,1,7,31.0,1,1,0,7,2,2,1,463302
1577,1,1,0.6973999999999999,1,12,25.0,1,1,0,32,1,1,1,320096
1578,5,2,0.6537000000000001,0,2,44.0,1,1,0,4,3,2,1,317127
1579,1,1,0.7909999999999999,1,13,29.0,1,1,0,24,3,2,2,455696
1581,2,2,0.9669,0,5,37.0,1,1,0,5,3,2,2,370413
1582,1,1,0.5720000000000001,1,7,11.0,3,1,0,11,1,2,1,600271
1583,1,1,0.4294,1,2,9.0,1,1,1,15,1,1,1,419729
1584,1,1,0.8199,1,2,29.0,1,1,0,13,2,1,1,711560
1585,1,1,0.6901999999999999,1,9,29.0,1,1,0,12,2,1,2,503131
1586,1,1,0.6959000000000001,1,9,28.0,1,1,0,13,3,2,2,498698
1588,5,4,0.4597,1,7,1.0,1,1,1,8,3,2,2,607934
1589,1,1,0.6881,1,29,25.0,1,1,0,32,3,2,2,280552
1590,1,2,0.8702,0,3,39.0,1,1,0,5,2,1,1,283028
1592,1,2,0.8941,0,4,42.0,2,1,0,5,4,2,2,424255
1595,1,1,0.8068000000000001,1,4,29.0,1,1,0,25,1,1,1,515081
1596,5,4,0.6681999999999999,1,7,26.0,1,1,0,7,3,2,1,430777
1598,5,1,0.44920000000000004,1,6,24.0,1,1,1,12,2,2,1,198651
1599,1,1,0.5138,1,11,12.0,2,1,0,11,3,2,2,442241
1600,1,4,0.8096,1,3,27.0,1,1,0,8,2,1,1,635418
1601,1,2,0.8340000000000001,0,5,43.0,1,1,0,5,2,1,1,382241
1602,1,1,0.6840999999999999,1,14,25.0,1,1,0,33,2,2,2,235455
1603,1,1,0.4507,1,13,27.0,1,1,1,13,3,2,1,358800
1604,1,1,0.3701,1,5,8.0,1,1,1,15,1,1,1,550671
1605,5,4,0.3675,1,9,6.0,16,1,2,10,3,2,2,508555
1606,1,2,0.9209,0,3,43.0,1,1,0,4,3,2,1,352281
1607,1,2,0.8941,0,2,42.0,2,1,0,5,4,1,1,365878
1608,1,2,0.8299,0,3,44.0,1,1,0,5,3,2,1,354218
1610,1,4,0.703,1,6,28.0,3,1,1,8,3,2,2,411927
1611,1,1,0.615,1,11,6.0,1,1,0,11,3,2,2,606251
1612,1,4,0.5747,1,5,26.0,1,1,1,6,3,2,2,385736
1613,2,1,0.6637000000000001,1,3,28.0,1,1,0,26,2,2,1,578572
1614,1,1,0.7691,1,21,29.0,1,1,0,24,1,1,1,499898
1616,1,1,0.4788,1,10,15.0,1,1,1,11,3,2,2,380922
1617,1,1,0.491,1,6,2.0,1,1,1,14,3,2,2,592033
1618,2,1,0.506,1,24,24.0,1,1,1,28,4,2,2,417382
1619,1,4,0.7284999999999999,1,4,28.0,1,1,0,7,3,2,2,455759
1620,1,1,0.5919,1,11,5.0,1,1,0,22,2,2,1,651114
1622,1,1,0.6835,1,12,25.0,1,1,0,32,2,2,2,266939
1623,1,4,0.5566,1,3,26.0,1,1,1,7,3,2,2,334109
1624,1,1,0.6577,1,14,25.0,2,1,0,17,2,2,2,400608
1625,5,4,0.5271,1,5,32.0,1,1,1,6,2,1,1,389107
1626,5,1,0.5971,1,20,24.0,8,1,1,25,2,2,1,312995
1627,5,4,0.5059,1,7,26.0,1,1,0,7,3,1,2,338790
1629,5,1,0.5063,1,10,24.0,1,1,1,12,3,2,2,300370
1630,5,4,0.6978,1,6,28.0,1,1,0,7,2,2,2,189818
1631,1,1,0.4744,1,20,5.0,2,1,1,21,2,2,1,549630
1632,1,1,0.6131,1,3,13.0,1,1,0,13,4,2,1,510013
1633,5,1,0.5609000000000001,1,2,27.0,1,1,1,12,3,2,2,502932
1634,1,1,0.46149999999999997,1,8,7.0,1,1,1,20,3,2,2,550489
1635,1,1,0.5055,1,3,3.0,2,1,1,23,2,2,1,635554
1636,1,1,0.5473,1,3,29.0,2,1,1,12,4,2,2,418354
1637,5,4,0.4082,1,3,6.0,1,1,1,6,2,1,1,335547
1638,1,1,0.46740000000000004,1,4,6.0,1,1,1,15,2,2,1,476780
1639,1,1,0.6258,1,2,14.0,2,1,0,15,2,2,1,477246
1640,1,1,0.7912,1,24,29.0,1,1,0,24,2,1,1,484526
1641,1,1,0.6414,1,22,27.0,2,1,0,36,3,2,2,326952
1642,5,2,0.5611999999999999,0,2,28.0,1,1,1,4,2,2,1,317438
1643,1,2,0.7966,0,1,30.0,1,1,0,5,3,2,2,386436
1644,5,1,0.7351000000000001,1,10,31.0,3,1,1,20,4,2,2,329736
1646,1,1,0.42950000000000005,1,10,15.0,1,1,1,14,2,2,1,603623
1649,5,1,0.7463,1,6,24.0,4,1,1,12,3,2,2,355055
1650,5,1,0.7440000000000001,1,5,24.0,4,1,1,25,3,2,2,360251
1651,5,1,0.7436,1,21,24.0,4,1,1,28,3,2,2,358932
1653,5,1,0.727,1,3,24.0,4,1,2,12,4,2,2,305015
1654,1,2,1.0,0,1,50.0,1,1,0,3,3,1,1,268691
1656,1,1,0.6652,1,2,30.0,1,1,0,14,2,1,1,214354
1657,1,1,0.6498,1,7,27.0,2,1,0,16,4,2,2,367696
1659,5,2,0.6259,0,4,25.0,1,1,1,5,3,2,2,182410
1660,1,1,0.6083,1,5,18.0,1,1,0,12,3,2,2,493355
1661,1,1,0.8522,1,9,28.0,2,1,1,24,4,2,2,263911
1663,1,4,0.6321,1,5,18.0,1,1,0,9,3,2,2,313643
1664,5,1,0.6872,1,12,25.0,2,1,0,26,2,1,1,233871
1665,5,1,0.5284,1,12,25.0,2,1,1,26,2,2,1,207514
1666,1,1,0.5716,1,12,17.0,1,1,0,12,1,1,1,584668
1668,1,2,0.8808,0,5,43.0,13,1,0,5,3,2,2,333828
1669,1,2,0.8974,0,4,47.0,2,1,0,4,3,1,1,308932
1673,2,1,0.5789,1,9,7.0,1,1,0,19,2,1,1,460473
1674,1,1,0.5306000000000001,1,9,17.0,1,1,1,14,3,2,2,502635
1675,1,1,0.5599000000000001,1,16,25.0,1,1,1,32,3,2,2,201610
1676,5,2,0.6557,0,3,28.0,1,1,0,5,3,2,2,197213
1677,1,1,0.4238,1,14,8.0,1,1,1,15,1,1,1,473560
1678,5,1,0.5063,1,3,24.0,1,1,1,12,3,2,1,241279
1680,1,4,0.5304,1,2,26.0,1,1,1,8,2,1,1,391002
1681,1,1,0.4337,1,2,8.0,1,1,1,15,2,1,1,596030
1682,5,4,0.4211,1,2,1.0,4,1,1,6,2,2,1,397636
1683,1,1,0.8089,1,5,29.0,1,1,0,13,2,2,1,665402
1684,1,4,0.7093,1,3,25.0,1,1,0,8,2,2,1,468731
1685,5,2,0.8984000000000001,0,3,44.0,1,1,0,4,3,2,1,264169
1686,1,1,0.43700000000000006,1,2,8.0,1,1,1,11,2,2,2,327597
1688,5,1,0.6789000000000001,1,20,24.0,8,1,1,25,3,2,2,287183
1689,1,4,0.6362,1,5,14.0,1,1,0,9,2,1,1,638417
1690,1,2,0.9484999999999999,0,5,43.0,1,1,0,5,3,2,1,408499
1692,5,2,0.5626,0,4,25.0,1,1,1,5,3,2,2,274248
1693,1,2,0.7807,0,5,35.0,1,1,0,5,6,4,3,388698
1695,5,2,0.5493,0,4,27.0,1,1,1,4,3,2,1,267269
1696,1,1,0.6823,1,5,15.0,2,1,0,23,3,1,1,469478
1697,1,1,0.6212,1,7,29.0,1,1,0,11,3,1,2,309950
1698,1,1,0.6787000000000001,1,24,25.0,1,1,0,32,3,2,2,219137
1699,5,2,0.7594,0,1,28.0,1,1,1,5,3,2,2,157183
1700,1,4,0.6740999999999999,1,5,19.0,1,1,0,8,3,2,2,494860
1701,1,2,0.8668,0,4,47.0,2,1,0,4,3,2,1,434790
1702,5,1,0.7223999999999999,1,2,24.0,4,1,1,25,2,2,1,329663
1703,5,1,0.6998000000000001,1,11,24.0,1,1,0,12,1,1,1,254430
1704,5,1,0.7537999999999999,1,3,31.0,3,1,1,21,3,2,2,376529
1705,1,1,0.47,1,13,1.0,1,1,1,13,2,1,1,440542
1706,1,1,0.4772,1,7,1.0,1,1,1,13,2,1,1,431203
1707,1,1,0.7161,1,11,30.0,1,1,0,14,2,1,1,470688
1709,1,2,0.93,0,4,40.0,5,1,0,5,3,2,1,411345
1710,1,1,0.45990000000000003,1,4,6.0,1,1,1,21,2,2,1,562860
1711,1,1,0.6197,1,6,12.0,1,1,0,29,1,1,1,647296
1712,1,1,0.5806,1,15,9.0,1,1,0,15,2,2,1,407977
1713,5,4,0.8782,1,6,42.0,1,1,0,7,1,1,1,348083
1715,1,4,0.7176,1,8,25.0,1,1,0,8,2,2,1,438955
1716,5,1,0.44920000000000004,1,5,24.0,1,1,1,12,2,1,1,236489
1717,2,4,0.8828,1,5,34.0,1,1,0,6,4,1,2,347461
1718,5,2,0.654,0,4,29.0,1,1,0,5,3,2,2,131365
1719,5,4,0.6729999999999999,1,2,28.0,1,1,0,8,3,2,2,333567
1720,5,2,1.0,0,4,51.0,1,1,0,4,3,2,1,430754
1721,1,4,0.7254,1,5,27.0,1,1,0,8,3,2,1,277187
1722,1,1,0.5959,1,12,18.0,1,1,1,12,4,2,2,394145
1723,1,1,0.7291,1,4,24.0,2,1,0,13,3,2,1,254952
1724,1,1,0.49229999999999996,1,11,14.0,2,1,1,15,3,2,2,370304
1726,1,2,1.0,0,2,52.0,1,1,0,2,12,6,5,521296
1727,2,1,0.7042,1,13,25.0,2,1,0,17,3,1,1,531798
1728,1,2,0.8704000000000001,0,5,43.0,13,1,0,5,3,2,2,386096
1730,5,1,0.7008,1,13,24.0,8,1,1,25,3,2,2,298017
1731,5,4,0.4543,1,5,1.0,4,1,1,6,3,2,2,424618
1732,1,1,0.7698,1,11,29.0,1,1,0,24,1,1,1,556926
1733,2,2,0.8858,0,3,39.0,2,1,0,5,3,2,1,386060
1734,5,4,0.7354,1,5,30.0,2,1,0,7,3,2,2,254228
1735,1,2,0.8404,0,2,29.0,1,1,0,5,3,2,2,222294
1736,1,1,0.6894,1,2,29.0,1,1,0,12,2,1,1,575795
1737,1,2,0.7981,0,2,34.0,1,1,0,5,3,1,2,385395
1738,1,1,0.6837000000000001,1,7,29.0,1,1,1,13,3,2,2,367646
1739,1,1,0.7582,1,13,29.0,1,1,0,24,1,1,1,558000
1740,5,4,0.5452,1,4,29.0,1,1,1,4,3,2,2,315782
1741,5,1,0.5083,1,8,24.0,1,1,1,12,2,2,1,249531
1742,1,1,0.4251,1,13,8.0,1,1,1,15,1,1,1,503464
1743,5,4,0.8782,1,6,42.0,1,1,0,7,1,1,1,159124
1744,1,2,0.8944,0,4,41.0,1,1,0,5,2,2,2,416350
1745,2,1,0.46,1,16,26.0,2,1,1,23,2,2,1,519706
1746,1,1,0.6565000000000001,1,2,27.0,2,1,0,16,3,2,2,369851
1748,1,1,0.5406,1,4,2.0,1,1,1,14,2,1,1,570212
1749,1,1,0.5791,1,13,2.0,1,1,1,14,2,1,1,638532
1750,1,1,0.5374,1,4,2.0,1,1,1,14,2,1,1,588076
1751,1,1,0.5374,1,3,2.0,1,1,1,14,2,1,1,584493
1753,1,2,0.8323,0,3,45.0,1,1,0,5,3,2,1,387775
1754,1,2,0.8170999999999999,0,2,39.0,2,1,0,5,3,2,1,409283
1755,1,1,0.7490000000000001,1,6,29.0,2,1,0,19,2,2,1,299345
1756,1,1,0.5213,1,17,25.0,1,1,1,32,3,2,2,245349
1757,1,1,0.7226,1,3,27.0,1,1,1,28,3,2,2,235352
1758,1,2,0.8815999999999999,0,1,43.0,13,1,0,5,3,2,2,496737
1759,5,4,0.4543,1,4,1.0,4,1,1,6,3,2,2,410979
1761,1,1,0.4596,1,7,23.0,1,1,1,16,2,2,1,461759
1762,1,1,0.5922,1,8,11.0,1,1,1,15,4,2,2,488701
1763,1,2,0.8537,0,2,42.0,1,1,0,5,3,2,1,299345
1764,5,2,0.8491,0,4,42.0,2,1,0,5,3,1,1,171686
1765,1,4,0.8126000000000001,1,8,27.0,1,1,0,8,2,1,1,451481
1766,1,2,0.9431999999999999,0,5,43.0,1,1,0,5,3,2,1,330800
1767,1,1,0.6872,1,7,29.0,2,1,0,12,2,2,1,568995
1769,5,4,0.44439999999999996,1,4,6.0,16,1,1,10,4,2,2,544777
1771,5,1,0.7239,1,6,41.0,1,1,0,12,1,1,1,455078
1772,1,1,0.8695999999999999,1,22,28.0,2,1,2,24,3,2,2,299339
1774,1,1,0.855,1,7,29.0,1,1,1,19,2,2,1,315630
1775,5,2,0.8095,0,3,28.0,1,1,0,4,3,2,2,98893
1776,2,1,0.6962,1,6,25.0,2,1,0,17,3,2,3,511392
1778,1,1,0.5212,1,1,5.0,1,1,1,15,3,2,2,454969
1780,1,1,0.6840999999999999,1,9,25.0,1,1,0,33,2,2,2,286169
1781,1,1,0.621,1,11,24.0,1,1,0,14,3,2,1,423342
1782,1,1,0.439,1,5,8.0,1,1,1,15,3,2,2,525831
1784,1,1,0.4888,1,1,25.0,1,1,1,13,3,2,2,376621
1785,5,1,0.6323,1,15,28.0,1,1,0,15,1,1,1,241491
1786,5,1,0.6415000000000001,1,15,28.0,1,1,0,15,3,2,2,238020
1787,1,2,0.9042,0,4,36.0,1,1,0,5,4,2,2,365802
1788,1,2,0.8976999999999999,0,3,43.0,2,1,0,4,3,2,1,332509
1789,5,4,0.395,1,3,6.0,1,1,1,6,2,1,1,322155
1791,1,1,0.5658,1,5,1.0,1,1,0,13,3,1,1,433848
1792,1,1,0.5716,1,9,17.0,1,1,0,12,1,1,1,608744
1794,1,1,0.5604,1,2,12.0,2,1,0,11,2,2,1,391283
1795,1,1,0.7054,1,4,29.0,1,1,0,14,3,2,1,312202
1796,1,1,0.6467,1,11,25.0,1,1,0,32,2,1,1,312572
1797,1,1,0.6509999999999999,1,6,15.0,2,1,0,14,3,2,2,498314
1800,1,1,0.45640000000000003,1,12,3.0,1,1,1,15,2,2,1,537964
1801,1,1,0.5821000000000001,1,2,6.0,1,1,0,12,2,1,1,505967
1802,5,2,0.5729,0,2,27.0,1,1,1,4,3,2,2,276602
1803,5,2,0.5871999999999999,0,3,27.0,1,1,1,4,3,2,2,241309
1804,1,1,0.5744,1,11,1.0,1,1,0,13,2,1,1,435504
1806,1,1,0.6990000000000001,1,6,29.0,1,1,0,16,3,2,2,416549
1807,1,1,0.4533,1,16,27.0,2,1,1,16,2,2,2,373263
1808,1,1,0.5283,1,10,28.0,1,1,1,12,3,2,1,413260
1809,1,1,0.5188,1,4,13.0,1,1,1,14,3,2,2,534602
1810,1,1,0.5749,1,10,26.0,1,1,1,12,5,2,1,415468
1813,1,1,0.4363,1,9,8.0,1,1,1,15,1,1,1,573355
1814,1,4,0.4497,1,8,15.0,1,1,1,10,2,2,1,546231
1815,1,1,0.4792,1,2,8.0,1,1,1,15,3,1,2,454387
1816,1,4,0.7362000000000001,1,6,29.0,1,1,0,7,3,2,2,371098
1817,5,4,0.5758,1,8,28.0,1,1,1,8,2,2,1,315048
1818,1,1,0.745,1,9,29.0,1,1,0,24,1,1,1,530840
1819,1,1,0.5682,1,6,17.0,1,1,0,12,1,1,1,584678
1820,1,4,0.657,1,3,31.0,1,1,0,6,3,2,1,426340
1821,1,2,0.986,0,5,43.0,1,1,0,5,3,2,1,281491
1822,1,1,0.8595999999999999,1,8,28.0,2,1,1,23,3,2,2,273395
1823,1,4,0.7391,1,8,30.0,1,1,0,8,3,2,2,495540
1825,1,1,0.6525,1,6,24.0,1,1,0,16,2,2,1,519980
1826,1,1,0.7051000000000001,1,5,27.0,2,1,1,36,3,2,2,340043
1827,1,1,0.4919,1,6,15.0,1,1,2,15,5,2,2,511177
1828,1,4,0.645,1,6,31.0,1,1,0,6,3,2,2,494674
1829,1,1,0.5297999999999999,1,14,27.0,3,1,1,20,3,2,2,363091
1830,3,4,0.5565,1,3,10.0,1,1,1,4,2,2,2,434876
1831,5,4,0.4242,1,3,1.0,4,1,1,6,2,2,1,467590
1832,5,1,0.7484999999999999,1,11,27.0,1,1,0,12,2,1,1,352179
1834,1,4,0.6984,1,5,25.0,1,1,1,8,3,2,2,429736
1835,1,4,0.5482,1,4,25.0,1,1,1,7,3,2,2,481931
1836,1,1,0.8415,1,8,29.0,1,1,1,24,3,2,2,436817
1837,1,1,0.5241,1,2,2.0,1,1,0,14,1,1,1,632208
1838,1,4,0.7757999999999999,1,9,28.0,1,1,0,9,3,2,2,398324
1839,1,1,0.7895,1,9,32.0,1,1,1,12,4,2,2,289901
1840,1,1,0.852,1,12,31.0,2,1,1,18,3,2,2,310886
1841,1,1,0.46020000000000005,1,7,8.0,1,1,1,11,2,2,1,565716
1842,3,4,0.6254,1,3,10.0,1,1,0,4,4,2,2,409058
1843,1,1,0.738,1,12,32.0,1,1,0,13,4,2,2,288248
1844,1,1,0.5501,1,3,14.0,1,1,0,14,2,2,1,592502
1845,2,2,0.9551000000000001,0,2,44.0,3,1,0,4,3,2,2,429002
1846,1,2,0.7722,0,2,34.0,3,1,0,5,3,2,2,317382
1847,1,1,0.6587999999999999,1,14,24.0,1,1,0,16,1,2,1,515693
1848,1,2,0.8159000000000001,0,2,34.0,1,1,0,5,3,2,2,390883
1849,1,4,0.6275999999999999,1,3,31.0,1,1,1,6,3,2,1,403283
1850,1,4,0.6056,1,2,27.0,1,1,1,7,3,2,2,343131
1851,1,2,0.8775,0,3,35.0,2,1,0,5,5,2,2,297745
1852,1,1,0.7856000000000001,1,22,29.0,1,1,0,24,1,1,1,557511
1853,3,4,0.5459,1,4,10.0,1,1,1,4,3,2,2,423640
1854,2,2,0.9479000000000001,0,5,37.0,1,1,0,5,3,2,2,306106
1856,1,2,0.8844,0,3,40.0,5,1,0,5,4,2,2,390347
1857,1,1,0.4144,1,5,15.0,2,1,1,19,2,2,1,501861
1858,1,1,0.67,1,2,24.0,1,1,0,16,3,2,2,409693
1859,1,1,0.5413,1,2,26.0,1,1,1,12,2,2,1,477283
1860,1,2,0.9062,0,4,37.0,1,1,0,5,3,2,2,370364
1861,5,2,0.9377,0,3,29.0,1,1,0,5,3,2,1,411851
1862,5,1,0.6349,1,12,24.0,8,1,0,25,1,1,1,350453
1864,1,4,0.41119999999999995,1,7,3.0,1,1,1,10,2,2,2,579289
1866,1,1,0.6419,1,7,30.0,1,1,0,14,3,2,2,444374
1867,1,2,0.8589,0,1,47.0,1,1,0,3,3,1,2,297455
1868,1,2,0.9412999999999999,0,5,43.0,1,1,0,5,3,2,2,468139
1869,1,4,0.67,1,5,26.0,1,1,0,6,3,2,2,272268
1870,1,4,0.5565,1,7,16.0,1,1,1,9,3,2,2,485732
1871,1,1,0.4576,1,16,7.0,1,1,1,20,3,2,2,621745
1872,1,1,0.6776000000000001,1,15,27.0,3,1,0,18,4,2,2,475183
1873,2,1,0.5432,1,7,25.0,2,1,1,17,4,2,2,443699
1874,1,1,0.7424,1,17,29.0,2,1,0,17,3,2,1,364238
1875,1,2,0.9124,0,2,41.0,1,1,0,5,3,2,2,542079
1877,1,1,0.5265,1,2,14.0,3,1,1,14,3,2,2,306833
1878,1,1,0.653,1,21,27.0,2,1,0,36,3,2,2,344909
1879,5,1,0.7123,1,10,41.0,1,1,0,12,2,2,1,331521
1880,2,4,0.5975,1,5,29.0,1,1,1,8,3,2,2,299289
1881,5,1,0.7436,1,9,24.0,4,1,1,17,3,2,2,355445
1883,1,2,0.8364,0,5,34.0,1,1,0,5,3,2,2,312655
1884,1,1,0.5498,1,26,25.0,1,1,1,33,2,2,1,246251
1885,1,1,0.6466,1,8,25.0,1,1,0,32,2,1,1,255306
1887,1,2,0.7987000000000001,0,4,36.0,1,1,0,5,3,2,1,285008
1888,1,1,0.7462000000000001,1,2,29.0,2,1,0,17,2,2,1,305167
1889,1,1,0.5826,1,9,8.0,1,1,0,15,2,2,1,593425
1890,1,1,0.6840999999999999,1,8,25.0,1,1,0,33,3,2,1,278922
1891,1,4,0.6143,1,1,25.0,1,1,1,7,3,2,2,450645
1892,1,1,0.6058,1,12,16.0,4,1,0,14,3,1,2,276056
1894,2,2,0.9027,0,3,33.0,1,1,0,5,3,2,1,267408
1895,1,1,0.6866,1,8,25.0,1,1,0,32,3,2,2,238251
1896,5,4,0.4182,1,2,6.0,2,1,1,5,2,2,1,418641
1897,1,1,0.8622,1,12,28.0,2,1,1,24,4,2,2,278192
1898,1,1,0.5716,1,9,17.0,1,1,0,12,1,1,1,584668
1899,1,2,0.9125,0,4,42.0,1,1,0,5,3,2,1,347362
1900,1,1,0.461,1,13,18.0,1,1,1,18,4,2,2,355478
1904,1,1,0.7545000000000001,1,6,28.0,1,1,0,12,3,1,2,323336
1905,5,1,0.6767,1,12,24.0,4,1,1,12,3,2,3,276331
1906,1,1,0.8331000000000001,1,10,29.0,1,1,0,13,3,2,1,619524
1907,1,4,0.5263,1,2,25.0,1,1,1,8,3,2,2,446774
1908,1,4,0.6929000000000001,1,7,30.0,1,1,0,7,4,2,2,279980
1909,1,4,0.684,1,7,34.0,1,1,0,7,3,2,2,430995
1910,1,2,0.8534999999999999,0,2,37.0,1,1,0,5,2,2,2,234866
1911,1,1,0.2792,1,11,27.0,1,1,2,11,4,3,3,407312
1913,1,2,0.8103,0,5,34.0,1,1,0,5,3,2,1,337170
1915,1,1,0.6726000000000001,1,6,28.0,1,1,0,16,2,1,1,545878
1917,1,4,0.5921,1,3,26.0,1,1,1,6,3,2,2,551104
1918,1,2,0.8094,0,2,36.0,1,1,0,5,4,2,2,289567
1919,1,1,0.5289,1,9,27.0,3,1,1,20,3,2,1,355977
1920,1,1,0.6829000000000001,1,9,27.0,3,1,0,20,3,2,2,404188
1921,5,1,0.6461,1,19,24.0,8,1,0,25,1,1,1,301309
